ISO-10303-21;
HEADER;
/* Generated by software containing ST-Developer
 * from STEP Tools, Inc. (www.steptools.com) 
 */

FILE_DESCRIPTION(
/* description */ (''),
/* implementation_level */ '2;1');

FILE_NAME(
/* name */ 
'F:/Daten/NextCloud/Daten/Hobby/TimBoy/V2/WSL 6W IDC Bh Connector 6-Pi
n v3.step',
/* time_stamp */ '2019-06-18T00:02:19+02:00',
/* author */ (''),
/* organization */ (''),
/* preprocessor_version */ 'ST-DEVELOPER v18',
/* originating_system */ 'Autodesk Translation Framework v8.2.0.1029',
/* authorisation */ '');

FILE_SCHEMA (('AUTOMOTIVE_DESIGN { 1 0 10303 214 3 1 1 }'));
ENDSEC;

DATA;
#10=MECHANICAL_DESIGN_GEOMETRIC_PRESENTATION_REPRESENTATION('',(#38,#39,
#40,#41,#42,#43,#44,#45),#2614);
#11=CONTEXT_DEPENDENT_OVER_RIDING_STYLED_ITEM('',(#2647),#2629,#45,(#17));
#12=MAPPED_ITEM('',#13,#1754);
#13=REPRESENTATION_MAP(#1754,#2627);
#14=ITEM_DEFINED_TRANSFORMATION($,$,#1664,#1752);
#15=ITEM_DEFINED_TRANSFORMATION($,$,#1713,#1753);
#16=(
REPRESENTATION_RELATIONSHIP($,$,#2628,#2627)
REPRESENTATION_RELATIONSHIP_WITH_TRANSFORMATION(#14)
SHAPE_REPRESENTATION_RELATIONSHIP()
);
#17=(
REPRESENTATION_RELATIONSHIP($,$,#2629,#2627)
REPRESENTATION_RELATIONSHIP_WITH_TRANSFORMATION(#15)
SHAPE_REPRESENTATION_RELATIONSHIP()
);
#18=CONTEXT_DEPENDENT_SHAPE_REPRESENTATION(#16,#2625);
#19=CONTEXT_DEPENDENT_SHAPE_REPRESENTATION(#17,#2626);
#20=NEXT_ASSEMBLY_USAGE_OCCURRENCE('Pins:1','Pins:1','Pins:1',#2631,#2632,
'Pins:1');
#21=NEXT_ASSEMBLY_USAGE_OCCURRENCE('Case:1','Case:1','Case:1',#2631,#2633,
'Case:1');
#22=FACE_BOUND('',#212,.T.);
#23=FACE_BOUND('',#213,.T.);
#24=FACE_BOUND('',#214,.T.);
#25=FACE_BOUND('',#215,.T.);
#26=FACE_BOUND('',#216,.T.);
#27=FACE_BOUND('',#217,.T.);
#28=FACE_BOUND('',#219,.T.);
#29=FACE_BOUND('',#220,.T.);
#30=FACE_BOUND('',#221,.T.);
#31=FACE_BOUND('',#222,.T.);
#32=FACE_BOUND('',#223,.T.);
#33=FACE_BOUND('',#224,.T.);
#34=SHAPE_REPRESENTATION_RELATIONSHIP('SRR','None',#2628,#36);
#35=SHAPE_REPRESENTATION_RELATIONSHIP('SRR','None',#2629,#37);
#36=ADVANCED_BREP_SHAPE_REPRESENTATION('',(#46,#47,#48,#49,#50,#51),#2612);
#37=ADVANCED_BREP_SHAPE_REPRESENTATION('',(#52),#2613);
#38=STYLED_ITEM('',(#2646),#46);
#39=STYLED_ITEM('',(#2646),#47);
#40=STYLED_ITEM('',(#2646),#48);
#41=STYLED_ITEM('',(#2646),#49);
#42=STYLED_ITEM('',(#2646),#50);
#43=STYLED_ITEM('',(#2646),#51);
#44=STYLED_ITEM('',(#2647),#52);
#45=STYLED_ITEM('',(#2648),#12);
#46=MANIFOLD_SOLID_BREP('K\X\F6rper1',#1633);
#47=MANIFOLD_SOLID_BREP('K\X\F6rper2',#1634);
#48=MANIFOLD_SOLID_BREP('K\X\F6rper3',#1635);
#49=MANIFOLD_SOLID_BREP('K\X\F6rper4',#1636);
#50=MANIFOLD_SOLID_BREP('K\X\F6rper5',#1637);
#51=MANIFOLD_SOLID_BREP('K\X\F6rper6',#1638);
#52=MANIFOLD_SOLID_BREP('K\X\F6rper1',#1639);
#53=FACE_OUTER_BOUND('',#139,.T.);
#54=FACE_OUTER_BOUND('',#140,.T.);
#55=FACE_OUTER_BOUND('',#141,.T.);
#56=FACE_OUTER_BOUND('',#142,.T.);
#57=FACE_OUTER_BOUND('',#143,.T.);
#58=FACE_OUTER_BOUND('',#144,.T.);
#59=FACE_OUTER_BOUND('',#145,.T.);
#60=FACE_OUTER_BOUND('',#146,.T.);
#61=FACE_OUTER_BOUND('',#147,.T.);
#62=FACE_OUTER_BOUND('',#148,.T.);
#63=FACE_OUTER_BOUND('',#149,.T.);
#64=FACE_OUTER_BOUND('',#150,.T.);
#65=FACE_OUTER_BOUND('',#151,.T.);
#66=FACE_OUTER_BOUND('',#152,.T.);
#67=FACE_OUTER_BOUND('',#153,.T.);
#68=FACE_OUTER_BOUND('',#154,.T.);
#69=FACE_OUTER_BOUND('',#155,.T.);
#70=FACE_OUTER_BOUND('',#156,.T.);
#71=FACE_OUTER_BOUND('',#157,.T.);
#72=FACE_OUTER_BOUND('',#158,.T.);
#73=FACE_OUTER_BOUND('',#159,.T.);
#74=FACE_OUTER_BOUND('',#160,.T.);
#75=FACE_OUTER_BOUND('',#161,.T.);
#76=FACE_OUTER_BOUND('',#162,.T.);
#77=FACE_OUTER_BOUND('',#163,.T.);
#78=FACE_OUTER_BOUND('',#164,.T.);
#79=FACE_OUTER_BOUND('',#165,.T.);
#80=FACE_OUTER_BOUND('',#166,.T.);
#81=FACE_OUTER_BOUND('',#167,.T.);
#82=FACE_OUTER_BOUND('',#168,.T.);
#83=FACE_OUTER_BOUND('',#169,.T.);
#84=FACE_OUTER_BOUND('',#170,.T.);
#85=FACE_OUTER_BOUND('',#171,.T.);
#86=FACE_OUTER_BOUND('',#172,.T.);
#87=FACE_OUTER_BOUND('',#173,.T.);
#88=FACE_OUTER_BOUND('',#174,.T.);
#89=FACE_OUTER_BOUND('',#175,.T.);
#90=FACE_OUTER_BOUND('',#176,.T.);
#91=FACE_OUTER_BOUND('',#177,.T.);
#92=FACE_OUTER_BOUND('',#178,.T.);
#93=FACE_OUTER_BOUND('',#179,.T.);
#94=FACE_OUTER_BOUND('',#180,.T.);
#95=FACE_OUTER_BOUND('',#181,.T.);
#96=FACE_OUTER_BOUND('',#182,.T.);
#97=FACE_OUTER_BOUND('',#183,.T.);
#98=FACE_OUTER_BOUND('',#184,.T.);
#99=FACE_OUTER_BOUND('',#185,.T.);
#100=FACE_OUTER_BOUND('',#186,.T.);
#101=FACE_OUTER_BOUND('',#187,.T.);
#102=FACE_OUTER_BOUND('',#188,.T.);
#103=FACE_OUTER_BOUND('',#189,.T.);
#104=FACE_OUTER_BOUND('',#190,.T.);
#105=FACE_OUTER_BOUND('',#191,.T.);
#106=FACE_OUTER_BOUND('',#192,.T.);
#107=FACE_OUTER_BOUND('',#193,.T.);
#108=FACE_OUTER_BOUND('',#194,.T.);
#109=FACE_OUTER_BOUND('',#195,.T.);
#110=FACE_OUTER_BOUND('',#196,.T.);
#111=FACE_OUTER_BOUND('',#197,.T.);
#112=FACE_OUTER_BOUND('',#198,.T.);
#113=FACE_OUTER_BOUND('',#199,.T.);
#114=FACE_OUTER_BOUND('',#200,.T.);
#115=FACE_OUTER_BOUND('',#201,.T.);
#116=FACE_OUTER_BOUND('',#202,.T.);
#117=FACE_OUTER_BOUND('',#203,.T.);
#118=FACE_OUTER_BOUND('',#204,.T.);
#119=FACE_OUTER_BOUND('',#205,.T.);
#120=FACE_OUTER_BOUND('',#206,.T.);
#121=FACE_OUTER_BOUND('',#207,.T.);
#122=FACE_OUTER_BOUND('',#208,.T.);
#123=FACE_OUTER_BOUND('',#209,.T.);
#124=FACE_OUTER_BOUND('',#210,.T.);
#125=FACE_OUTER_BOUND('',#211,.T.);
#126=FACE_OUTER_BOUND('',#218,.T.);
#127=FACE_OUTER_BOUND('',#225,.T.);
#128=FACE_OUTER_BOUND('',#226,.T.);
#129=FACE_OUTER_BOUND('',#227,.T.);
#130=FACE_OUTER_BOUND('',#228,.T.);
#131=FACE_OUTER_BOUND('',#229,.T.);
#132=FACE_OUTER_BOUND('',#230,.T.);
#133=FACE_OUTER_BOUND('',#231,.T.);
#134=FACE_OUTER_BOUND('',#232,.T.);
#135=FACE_OUTER_BOUND('',#233,.T.);
#136=FACE_OUTER_BOUND('',#234,.T.);
#137=FACE_OUTER_BOUND('',#235,.T.);
#138=FACE_OUTER_BOUND('',#236,.T.);
#139=EDGE_LOOP('',(#1029,#1030,#1031,#1032));
#140=EDGE_LOOP('',(#1033,#1034,#1035,#1036));
#141=EDGE_LOOP('',(#1037,#1038,#1039,#1040));
#142=EDGE_LOOP('',(#1041,#1042,#1043,#1044));
#143=EDGE_LOOP('',(#1045,#1046,#1047,#1048,#1049,#1050));
#144=EDGE_LOOP('',(#1051,#1052,#1053,#1054));
#145=EDGE_LOOP('',(#1055,#1056,#1057,#1058,#1059,#1060));
#146=EDGE_LOOP('',(#1061,#1062,#1063,#1064));
#147=EDGE_LOOP('',(#1065,#1066,#1067,#1068));
#148=EDGE_LOOP('',(#1069,#1070,#1071,#1072));
#149=EDGE_LOOP('',(#1073,#1074,#1075,#1076));
#150=EDGE_LOOP('',(#1077,#1078,#1079,#1080,#1081,#1082));
#151=EDGE_LOOP('',(#1083,#1084,#1085,#1086));
#152=EDGE_LOOP('',(#1087,#1088,#1089,#1090,#1091,#1092));
#153=EDGE_LOOP('',(#1093,#1094,#1095,#1096));
#154=EDGE_LOOP('',(#1097,#1098,#1099,#1100));
#155=EDGE_LOOP('',(#1101,#1102,#1103,#1104));
#156=EDGE_LOOP('',(#1105,#1106,#1107,#1108));
#157=EDGE_LOOP('',(#1109,#1110,#1111,#1112));
#158=EDGE_LOOP('',(#1113,#1114,#1115,#1116,#1117,#1118));
#159=EDGE_LOOP('',(#1119,#1120,#1121,#1122));
#160=EDGE_LOOP('',(#1123,#1124,#1125,#1126,#1127,#1128));
#161=EDGE_LOOP('',(#1129,#1130,#1131,#1132));
#162=EDGE_LOOP('',(#1133,#1134,#1135,#1136));
#163=EDGE_LOOP('',(#1137,#1138,#1139,#1140));
#164=EDGE_LOOP('',(#1141,#1142,#1143,#1144));
#165=EDGE_LOOP('',(#1145,#1146,#1147,#1148));
#166=EDGE_LOOP('',(#1149,#1150,#1151,#1152));
#167=EDGE_LOOP('',(#1153,#1154,#1155,#1156,#1157,#1158));
#168=EDGE_LOOP('',(#1159,#1160,#1161,#1162));
#169=EDGE_LOOP('',(#1163,#1164,#1165,#1166,#1167,#1168));
#170=EDGE_LOOP('',(#1169,#1170,#1171,#1172));
#171=EDGE_LOOP('',(#1173,#1174,#1175,#1176));
#172=EDGE_LOOP('',(#1177,#1178,#1179,#1180));
#173=EDGE_LOOP('',(#1181,#1182,#1183,#1184));
#174=EDGE_LOOP('',(#1185,#1186,#1187,#1188));
#175=EDGE_LOOP('',(#1189,#1190,#1191,#1192,#1193,#1194));
#176=EDGE_LOOP('',(#1195,#1196,#1197,#1198));
#177=EDGE_LOOP('',(#1199,#1200,#1201,#1202,#1203,#1204));
#178=EDGE_LOOP('',(#1205,#1206,#1207,#1208));
#179=EDGE_LOOP('',(#1209,#1210,#1211,#1212));
#180=EDGE_LOOP('',(#1213,#1214,#1215,#1216));
#181=EDGE_LOOP('',(#1217,#1218,#1219,#1220));
#182=EDGE_LOOP('',(#1221,#1222,#1223,#1224,#1225,#1226));
#183=EDGE_LOOP('',(#1227,#1228,#1229,#1230));
#184=EDGE_LOOP('',(#1231,#1232,#1233,#1234,#1235,#1236));
#185=EDGE_LOOP('',(#1237,#1238,#1239,#1240));
#186=EDGE_LOOP('',(#1241,#1242,#1243,#1244));
#187=EDGE_LOOP('',(#1245,#1246,#1247,#1248));
#188=EDGE_LOOP('',(#1249,#1250,#1251,#1252));
#189=EDGE_LOOP('',(#1253,#1254,#1255,#1256));
#190=EDGE_LOOP('',(#1257,#1258,#1259,#1260));
#191=EDGE_LOOP('',(#1261,#1262,#1263,#1264));
#192=EDGE_LOOP('',(#1265,#1266,#1267,#1268));
#193=EDGE_LOOP('',(#1269,#1270,#1271,#1272));
#194=EDGE_LOOP('',(#1273,#1274,#1275,#1276));
#195=EDGE_LOOP('',(#1277,#1278,#1279,#1280));
#196=EDGE_LOOP('',(#1281,#1282,#1283,#1284));
#197=EDGE_LOOP('',(#1285,#1286,#1287,#1288));
#198=EDGE_LOOP('',(#1289,#1290,#1291,#1292));
#199=EDGE_LOOP('',(#1293,#1294,#1295,#1296));
#200=EDGE_LOOP('',(#1297,#1298,#1299,#1300));
#201=EDGE_LOOP('',(#1301,#1302,#1303,#1304));
#202=EDGE_LOOP('',(#1305,#1306,#1307,#1308));
#203=EDGE_LOOP('',(#1309,#1310,#1311,#1312));
#204=EDGE_LOOP('',(#1313,#1314,#1315,#1316));
#205=EDGE_LOOP('',(#1317,#1318,#1319,#1320));
#206=EDGE_LOOP('',(#1321,#1322,#1323,#1324));
#207=EDGE_LOOP('',(#1325,#1326,#1327,#1328));
#208=EDGE_LOOP('',(#1329,#1330,#1331,#1332));
#209=EDGE_LOOP('',(#1333,#1334,#1335,#1336));
#210=EDGE_LOOP('',(#1337,#1338,#1339,#1340));
#211=EDGE_LOOP('',(#1341,#1342,#1343,#1344,#1345,#1346,#1347,#1348));
#212=EDGE_LOOP('',(#1349,#1350,#1351,#1352));
#213=EDGE_LOOP('',(#1353,#1354,#1355,#1356));
#214=EDGE_LOOP('',(#1357,#1358,#1359,#1360));
#215=EDGE_LOOP('',(#1361,#1362,#1363,#1364));
#216=EDGE_LOOP('',(#1365,#1366,#1367,#1368));
#217=EDGE_LOOP('',(#1369,#1370,#1371,#1372));
#218=EDGE_LOOP('',(#1373,#1374,#1375,#1376));
#219=EDGE_LOOP('',(#1377,#1378,#1379,#1380));
#220=EDGE_LOOP('',(#1381,#1382,#1383,#1384));
#221=EDGE_LOOP('',(#1385,#1386,#1387,#1388));
#222=EDGE_LOOP('',(#1389,#1390,#1391,#1392));
#223=EDGE_LOOP('',(#1393,#1394,#1395,#1396));
#224=EDGE_LOOP('',(#1397,#1398,#1399,#1400));
#225=EDGE_LOOP('',(#1401,#1402,#1403,#1404));
#226=EDGE_LOOP('',(#1405,#1406,#1407,#1408));
#227=EDGE_LOOP('',(#1409,#1410,#1411,#1412));
#228=EDGE_LOOP('',(#1413,#1414,#1415,#1416));
#229=EDGE_LOOP('',(#1417,#1418,#1419,#1420));
#230=EDGE_LOOP('',(#1421,#1422,#1423,#1424));
#231=EDGE_LOOP('',(#1425,#1426,#1427,#1428));
#232=EDGE_LOOP('',(#1429,#1430,#1431,#1432,#1433,#1434,#1435,#1436));
#233=EDGE_LOOP('',(#1437,#1438,#1439,#1440));
#234=EDGE_LOOP('',(#1441,#1442,#1443,#1444));
#235=EDGE_LOOP('',(#1445,#1446,#1447,#1448));
#236=EDGE_LOOP('',(#1449,#1450,#1451,#1452,#1453,#1454,#1455,#1456,#1457,
#1458,#1459,#1460));
#237=LINE('',#2160,#453);
#238=LINE('',#2162,#454);
#239=LINE('',#2164,#455);
#240=LINE('',#2165,#456);
#241=LINE('',#2168,#457);
#242=LINE('',#2170,#458);
#243=LINE('',#2171,#459);
#244=LINE('',#2174,#460);
#245=LINE('',#2176,#461);
#246=LINE('',#2177,#462);
#247=LINE('',#2180,#463);
#248=LINE('',#2182,#464);
#249=LINE('',#2183,#465);
#250=LINE('',#2186,#466);
#251=LINE('',#2187,#467);
#252=LINE('',#2190,#468);
#253=LINE('',#2191,#469);
#254=LINE('',#2193,#470);
#255=LINE('',#2198,#471);
#256=LINE('',#2200,#472);
#257=LINE('',#2202,#473);
#258=LINE('',#2203,#474);
#259=LINE('',#2206,#475);
#260=LINE('',#2208,#476);
#261=LINE('',#2209,#477);
#262=LINE('',#2212,#478);
#263=LINE('',#2214,#479);
#264=LINE('',#2215,#480);
#265=LINE('',#2218,#481);
#266=LINE('',#2220,#482);
#267=LINE('',#2221,#483);
#268=LINE('',#2224,#484);
#269=LINE('',#2225,#485);
#270=LINE('',#2228,#486);
#271=LINE('',#2229,#487);
#272=LINE('',#2231,#488);
#273=LINE('',#2236,#489);
#274=LINE('',#2238,#490);
#275=LINE('',#2240,#491);
#276=LINE('',#2241,#492);
#277=LINE('',#2245,#493);
#278=LINE('',#2246,#494);
#279=LINE('',#2247,#495);
#280=LINE('',#2250,#496);
#281=LINE('',#2252,#497);
#282=LINE('',#2253,#498);
#283=LINE('',#2256,#499);
#284=LINE('',#2258,#500);
#285=LINE('',#2259,#501);
#286=LINE('',#2262,#502);
#287=LINE('',#2263,#503);
#288=LINE('',#2266,#504);
#289=LINE('',#2267,#505);
#290=LINE('',#2269,#506);
#291=LINE('',#2274,#507);
#292=LINE('',#2276,#508);
#293=LINE('',#2278,#509);
#294=LINE('',#2279,#510);
#295=LINE('',#2282,#511);
#296=LINE('',#2284,#512);
#297=LINE('',#2285,#513);
#298=LINE('',#2288,#514);
#299=LINE('',#2290,#515);
#300=LINE('',#2291,#516);
#301=LINE('',#2294,#517);
#302=LINE('',#2296,#518);
#303=LINE('',#2297,#519);
#304=LINE('',#2300,#520);
#305=LINE('',#2301,#521);
#306=LINE('',#2304,#522);
#307=LINE('',#2305,#523);
#308=LINE('',#2307,#524);
#309=LINE('',#2312,#525);
#310=LINE('',#2314,#526);
#311=LINE('',#2316,#527);
#312=LINE('',#2317,#528);
#313=LINE('',#2320,#529);
#314=LINE('',#2322,#530);
#315=LINE('',#2323,#531);
#316=LINE('',#2326,#532);
#317=LINE('',#2328,#533);
#318=LINE('',#2329,#534);
#319=LINE('',#2332,#535);
#320=LINE('',#2334,#536);
#321=LINE('',#2335,#537);
#322=LINE('',#2338,#538);
#323=LINE('',#2339,#539);
#324=LINE('',#2342,#540);
#325=LINE('',#2343,#541);
#326=LINE('',#2345,#542);
#327=LINE('',#2350,#543);
#328=LINE('',#2352,#544);
#329=LINE('',#2354,#545);
#330=LINE('',#2355,#546);
#331=LINE('',#2359,#547);
#332=LINE('',#2360,#548);
#333=LINE('',#2361,#549);
#334=LINE('',#2364,#550);
#335=LINE('',#2366,#551);
#336=LINE('',#2367,#552);
#337=LINE('',#2370,#553);
#338=LINE('',#2372,#554);
#339=LINE('',#2373,#555);
#340=LINE('',#2376,#556);
#341=LINE('',#2377,#557);
#342=LINE('',#2380,#558);
#343=LINE('',#2381,#559);
#344=LINE('',#2383,#560);
#345=LINE('',#2389,#561);
#346=LINE('',#2391,#562);
#347=LINE('',#2393,#563);
#348=LINE('',#2394,#564);
#349=LINE('',#2397,#565);
#350=LINE('',#2399,#566);
#351=LINE('',#2400,#567);
#352=LINE('',#2403,#568);
#353=LINE('',#2405,#569);
#354=LINE('',#2406,#570);
#355=LINE('',#2408,#571);
#356=LINE('',#2409,#572);
#357=LINE('',#2413,#573);
#358=LINE('',#2415,#574);
#359=LINE('',#2417,#575);
#360=LINE('',#2418,#576);
#361=LINE('',#2421,#577);
#362=LINE('',#2423,#578);
#363=LINE('',#2424,#579);
#364=LINE('',#2427,#580);
#365=LINE('',#2429,#581);
#366=LINE('',#2430,#582);
#367=LINE('',#2432,#583);
#368=LINE('',#2433,#584);
#369=LINE('',#2437,#585);
#370=LINE('',#2439,#586);
#371=LINE('',#2441,#587);
#372=LINE('',#2442,#588);
#373=LINE('',#2445,#589);
#374=LINE('',#2447,#590);
#375=LINE('',#2448,#591);
#376=LINE('',#2451,#592);
#377=LINE('',#2453,#593);
#378=LINE('',#2454,#594);
#379=LINE('',#2456,#595);
#380=LINE('',#2457,#596);
#381=LINE('',#2461,#597);
#382=LINE('',#2463,#598);
#383=LINE('',#2465,#599);
#384=LINE('',#2466,#600);
#385=LINE('',#2469,#601);
#386=LINE('',#2471,#602);
#387=LINE('',#2472,#603);
#388=LINE('',#2475,#604);
#389=LINE('',#2477,#605);
#390=LINE('',#2478,#606);
#391=LINE('',#2480,#607);
#392=LINE('',#2481,#608);
#393=LINE('',#2485,#609);
#394=LINE('',#2487,#610);
#395=LINE('',#2489,#611);
#396=LINE('',#2490,#612);
#397=LINE('',#2493,#613);
#398=LINE('',#2495,#614);
#399=LINE('',#2496,#615);
#400=LINE('',#2499,#616);
#401=LINE('',#2501,#617);
#402=LINE('',#2502,#618);
#403=LINE('',#2504,#619);
#404=LINE('',#2505,#620);
#405=LINE('',#2509,#621);
#406=LINE('',#2511,#622);
#407=LINE('',#2513,#623);
#408=LINE('',#2514,#624);
#409=LINE('',#2517,#625);
#410=LINE('',#2519,#626);
#411=LINE('',#2520,#627);
#412=LINE('',#2523,#628);
#413=LINE('',#2525,#629);
#414=LINE('',#2526,#630);
#415=LINE('',#2528,#631);
#416=LINE('',#2529,#632);
#417=LINE('',#2533,#633);
#418=LINE('',#2535,#634);
#419=LINE('',#2537,#635);
#420=LINE('',#2539,#636);
#421=LINE('',#2541,#637);
#422=LINE('',#2543,#638);
#423=LINE('',#2545,#639);
#424=LINE('',#2546,#640);
#425=LINE('',#2550,#641);
#426=LINE('',#2552,#642);
#427=LINE('',#2554,#643);
#428=LINE('',#2555,#644);
#429=LINE('',#2558,#645);
#430=LINE('',#2560,#646);
#431=LINE('',#2561,#647);
#432=LINE('',#2564,#648);
#433=LINE('',#2565,#649);
#434=LINE('',#2568,#650);
#435=LINE('',#2569,#651);
#436=LINE('',#2572,#652);
#437=LINE('',#2573,#653);
#438=LINE('',#2576,#654);
#439=LINE('',#2577,#655);
#440=LINE('',#2580,#656);
#441=LINE('',#2581,#657);
#442=LINE('',#2584,#658);
#443=LINE('',#2585,#659);
#444=LINE('',#2588,#660);
#445=LINE('',#2589,#661);
#446=LINE('',#2591,#662);
#447=LINE('',#2592,#663);
#448=LINE('',#2595,#664);
#449=LINE('',#2596,#665);
#450=LINE('',#2599,#666);
#451=LINE('',#2600,#667);
#452=LINE('',#2602,#668);
#453=VECTOR('',#1761,10.);
#454=VECTOR('',#1762,10.);
#455=VECTOR('',#1763,10.);
#456=VECTOR('',#1764,10.);
#457=VECTOR('',#1767,10.);
#458=VECTOR('',#1768,10.);
#459=VECTOR('',#1769,10.);
#460=VECTOR('',#1772,10.);
#461=VECTOR('',#1773,10.);
#462=VECTOR('',#1774,10.);
#463=VECTOR('',#1777,10.);
#464=VECTOR('',#1778,10.);
#465=VECTOR('',#1779,10.);
#466=VECTOR('',#1782,10.);
#467=VECTOR('',#1783,10.);
#468=VECTOR('',#1786,10.);
#469=VECTOR('',#1787,10.);
#470=VECTOR('',#1790,10.);
#471=VECTOR('',#1795,10.);
#472=VECTOR('',#1796,10.);
#473=VECTOR('',#1797,10.);
#474=VECTOR('',#1798,10.);
#475=VECTOR('',#1801,10.);
#476=VECTOR('',#1802,10.);
#477=VECTOR('',#1803,10.);
#478=VECTOR('',#1806,10.);
#479=VECTOR('',#1807,10.);
#480=VECTOR('',#1808,10.);
#481=VECTOR('',#1811,10.);
#482=VECTOR('',#1812,10.);
#483=VECTOR('',#1813,10.);
#484=VECTOR('',#1816,10.);
#485=VECTOR('',#1817,10.);
#486=VECTOR('',#1820,10.);
#487=VECTOR('',#1821,10.);
#488=VECTOR('',#1824,10.);
#489=VECTOR('',#1829,10.);
#490=VECTOR('',#1830,10.);
#491=VECTOR('',#1831,10.);
#492=VECTOR('',#1832,10.);
#493=VECTOR('',#1835,10.);
#494=VECTOR('',#1836,10.);
#495=VECTOR('',#1837,10.);
#496=VECTOR('',#1840,10.);
#497=VECTOR('',#1841,10.);
#498=VECTOR('',#1842,10.);
#499=VECTOR('',#1845,10.);
#500=VECTOR('',#1846,10.);
#501=VECTOR('',#1847,10.);
#502=VECTOR('',#1850,10.);
#503=VECTOR('',#1851,10.);
#504=VECTOR('',#1854,10.);
#505=VECTOR('',#1855,10.);
#506=VECTOR('',#1858,10.);
#507=VECTOR('',#1863,10.);
#508=VECTOR('',#1864,10.);
#509=VECTOR('',#1865,10.);
#510=VECTOR('',#1866,10.);
#511=VECTOR('',#1869,10.);
#512=VECTOR('',#1870,10.);
#513=VECTOR('',#1871,10.);
#514=VECTOR('',#1874,10.);
#515=VECTOR('',#1875,10.);
#516=VECTOR('',#1876,10.);
#517=VECTOR('',#1879,10.);
#518=VECTOR('',#1880,10.);
#519=VECTOR('',#1881,10.);
#520=VECTOR('',#1884,10.);
#521=VECTOR('',#1885,10.);
#522=VECTOR('',#1888,10.);
#523=VECTOR('',#1889,10.);
#524=VECTOR('',#1892,10.);
#525=VECTOR('',#1897,10.);
#526=VECTOR('',#1898,10.);
#527=VECTOR('',#1899,10.);
#528=VECTOR('',#1900,10.);
#529=VECTOR('',#1903,10.);
#530=VECTOR('',#1904,10.);
#531=VECTOR('',#1905,10.);
#532=VECTOR('',#1908,10.);
#533=VECTOR('',#1909,10.);
#534=VECTOR('',#1910,10.);
#535=VECTOR('',#1913,10.);
#536=VECTOR('',#1914,10.);
#537=VECTOR('',#1915,10.);
#538=VECTOR('',#1918,10.);
#539=VECTOR('',#1919,10.);
#540=VECTOR('',#1922,10.);
#541=VECTOR('',#1923,10.);
#542=VECTOR('',#1926,10.);
#543=VECTOR('',#1931,10.);
#544=VECTOR('',#1932,10.);
#545=VECTOR('',#1933,10.);
#546=VECTOR('',#1934,10.);
#547=VECTOR('',#1937,10.);
#548=VECTOR('',#1938,10.);
#549=VECTOR('',#1939,10.);
#550=VECTOR('',#1942,10.);
#551=VECTOR('',#1943,10.);
#552=VECTOR('',#1944,10.);
#553=VECTOR('',#1947,10.);
#554=VECTOR('',#1948,10.);
#555=VECTOR('',#1949,10.);
#556=VECTOR('',#1952,10.);
#557=VECTOR('',#1953,10.);
#558=VECTOR('',#1956,10.);
#559=VECTOR('',#1957,10.);
#560=VECTOR('',#1960,10.);
#561=VECTOR('',#1967,10.);
#562=VECTOR('',#1968,10.);
#563=VECTOR('',#1969,10.);
#564=VECTOR('',#1970,10.);
#565=VECTOR('',#1973,10.);
#566=VECTOR('',#1974,10.);
#567=VECTOR('',#1975,10.);
#568=VECTOR('',#1978,10.);
#569=VECTOR('',#1979,10.);
#570=VECTOR('',#1980,10.);
#571=VECTOR('',#1983,10.);
#572=VECTOR('',#1984,10.);
#573=VECTOR('',#1987,10.);
#574=VECTOR('',#1988,10.);
#575=VECTOR('',#1989,10.);
#576=VECTOR('',#1990,10.);
#577=VECTOR('',#1993,10.);
#578=VECTOR('',#1994,10.);
#579=VECTOR('',#1995,10.);
#580=VECTOR('',#1998,10.);
#581=VECTOR('',#1999,10.);
#582=VECTOR('',#2000,10.);
#583=VECTOR('',#2003,10.);
#584=VECTOR('',#2004,10.);
#585=VECTOR('',#2007,10.);
#586=VECTOR('',#2008,10.);
#587=VECTOR('',#2009,10.);
#588=VECTOR('',#2010,10.);
#589=VECTOR('',#2013,10.);
#590=VECTOR('',#2014,10.);
#591=VECTOR('',#2015,10.);
#592=VECTOR('',#2018,10.);
#593=VECTOR('',#2019,10.);
#594=VECTOR('',#2020,10.);
#595=VECTOR('',#2023,10.);
#596=VECTOR('',#2024,10.);
#597=VECTOR('',#2027,10.);
#598=VECTOR('',#2028,10.);
#599=VECTOR('',#2029,10.);
#600=VECTOR('',#2030,10.);
#601=VECTOR('',#2033,10.);
#602=VECTOR('',#2034,10.);
#603=VECTOR('',#2035,10.);
#604=VECTOR('',#2038,10.);
#605=VECTOR('',#2039,10.);
#606=VECTOR('',#2040,10.);
#607=VECTOR('',#2043,10.);
#608=VECTOR('',#2044,10.);
#609=VECTOR('',#2047,10.);
#610=VECTOR('',#2048,10.);
#611=VECTOR('',#2049,10.);
#612=VECTOR('',#2050,10.);
#613=VECTOR('',#2053,10.);
#614=VECTOR('',#2054,10.);
#615=VECTOR('',#2055,10.);
#616=VECTOR('',#2058,10.);
#617=VECTOR('',#2059,10.);
#618=VECTOR('',#2060,10.);
#619=VECTOR('',#2063,10.);
#620=VECTOR('',#2064,10.);
#621=VECTOR('',#2067,10.);
#622=VECTOR('',#2068,10.);
#623=VECTOR('',#2069,10.);
#624=VECTOR('',#2070,10.);
#625=VECTOR('',#2073,10.);
#626=VECTOR('',#2074,10.);
#627=VECTOR('',#2075,10.);
#628=VECTOR('',#2078,10.);
#629=VECTOR('',#2079,10.);
#630=VECTOR('',#2080,10.);
#631=VECTOR('',#2083,10.);
#632=VECTOR('',#2084,10.);
#633=VECTOR('',#2087,10.);
#634=VECTOR('',#2088,10.);
#635=VECTOR('',#2089,10.);
#636=VECTOR('',#2090,10.);
#637=VECTOR('',#2091,10.);
#638=VECTOR('',#2092,10.);
#639=VECTOR('',#2093,10.);
#640=VECTOR('',#2094,10.);
#641=VECTOR('',#2097,10.);
#642=VECTOR('',#2098,10.);
#643=VECTOR('',#2099,10.);
#644=VECTOR('',#2100,10.);
#645=VECTOR('',#2103,10.);
#646=VECTOR('',#2104,10.);
#647=VECTOR('',#2105,10.);
#648=VECTOR('',#2108,10.);
#649=VECTOR('',#2109,10.);
#650=VECTOR('',#2112,10.);
#651=VECTOR('',#2113,10.);
#652=VECTOR('',#2116,10.);
#653=VECTOR('',#2117,10.);
#654=VECTOR('',#2120,10.);
#655=VECTOR('',#2121,10.);
#656=VECTOR('',#2124,10.);
#657=VECTOR('',#2125,10.);
#658=VECTOR('',#2128,10.);
#659=VECTOR('',#2129,10.);
#660=VECTOR('',#2132,10.);
#661=VECTOR('',#2133,10.);
#662=VECTOR('',#2134,10.);
#663=VECTOR('',#2135,10.);
#664=VECTOR('',#2138,10.);
#665=VECTOR('',#2139,10.);
#666=VECTOR('',#2142,10.);
#667=VECTOR('',#2143,10.);
#668=VECTOR('',#2146,10.);
#669=VERTEX_POINT('',#2158);
#670=VERTEX_POINT('',#2159);
#671=VERTEX_POINT('',#2161);
#672=VERTEX_POINT('',#2163);
#673=VERTEX_POINT('',#2167);
#674=VERTEX_POINT('',#2169);
#675=VERTEX_POINT('',#2173);
#676=VERTEX_POINT('',#2175);
#677=VERTEX_POINT('',#2179);
#678=VERTEX_POINT('',#2181);
#679=VERTEX_POINT('',#2185);
#680=VERTEX_POINT('',#2189);
#681=VERTEX_POINT('',#2196);
#682=VERTEX_POINT('',#2197);
#683=VERTEX_POINT('',#2199);
#684=VERTEX_POINT('',#2201);
#685=VERTEX_POINT('',#2205);
#686=VERTEX_POINT('',#2207);
#687=VERTEX_POINT('',#2211);
#688=VERTEX_POINT('',#2213);
#689=VERTEX_POINT('',#2217);
#690=VERTEX_POINT('',#2219);
#691=VERTEX_POINT('',#2223);
#692=VERTEX_POINT('',#2227);
#693=VERTEX_POINT('',#2234);
#694=VERTEX_POINT('',#2235);
#695=VERTEX_POINT('',#2237);
#696=VERTEX_POINT('',#2239);
#697=VERTEX_POINT('',#2243);
#698=VERTEX_POINT('',#2244);
#699=VERTEX_POINT('',#2249);
#700=VERTEX_POINT('',#2251);
#701=VERTEX_POINT('',#2255);
#702=VERTEX_POINT('',#2257);
#703=VERTEX_POINT('',#2261);
#704=VERTEX_POINT('',#2265);
#705=VERTEX_POINT('',#2272);
#706=VERTEX_POINT('',#2273);
#707=VERTEX_POINT('',#2275);
#708=VERTEX_POINT('',#2277);
#709=VERTEX_POINT('',#2281);
#710=VERTEX_POINT('',#2283);
#711=VERTEX_POINT('',#2287);
#712=VERTEX_POINT('',#2289);
#713=VERTEX_POINT('',#2293);
#714=VERTEX_POINT('',#2295);
#715=VERTEX_POINT('',#2299);
#716=VERTEX_POINT('',#2303);
#717=VERTEX_POINT('',#2310);
#718=VERTEX_POINT('',#2311);
#719=VERTEX_POINT('',#2313);
#720=VERTEX_POINT('',#2315);
#721=VERTEX_POINT('',#2319);
#722=VERTEX_POINT('',#2321);
#723=VERTEX_POINT('',#2325);
#724=VERTEX_POINT('',#2327);
#725=VERTEX_POINT('',#2331);
#726=VERTEX_POINT('',#2333);
#727=VERTEX_POINT('',#2337);
#728=VERTEX_POINT('',#2341);
#729=VERTEX_POINT('',#2348);
#730=VERTEX_POINT('',#2349);
#731=VERTEX_POINT('',#2351);
#732=VERTEX_POINT('',#2353);
#733=VERTEX_POINT('',#2357);
#734=VERTEX_POINT('',#2358);
#735=VERTEX_POINT('',#2363);
#736=VERTEX_POINT('',#2365);
#737=VERTEX_POINT('',#2369);
#738=VERTEX_POINT('',#2371);
#739=VERTEX_POINT('',#2375);
#740=VERTEX_POINT('',#2379);
#741=VERTEX_POINT('',#2387);
#742=VERTEX_POINT('',#2388);
#743=VERTEX_POINT('',#2390);
#744=VERTEX_POINT('',#2392);
#745=VERTEX_POINT('',#2396);
#746=VERTEX_POINT('',#2398);
#747=VERTEX_POINT('',#2402);
#748=VERTEX_POINT('',#2404);
#749=VERTEX_POINT('',#2411);
#750=VERTEX_POINT('',#2412);
#751=VERTEX_POINT('',#2414);
#752=VERTEX_POINT('',#2416);
#753=VERTEX_POINT('',#2420);
#754=VERTEX_POINT('',#2422);
#755=VERTEX_POINT('',#2426);
#756=VERTEX_POINT('',#2428);
#757=VERTEX_POINT('',#2435);
#758=VERTEX_POINT('',#2436);
#759=VERTEX_POINT('',#2438);
#760=VERTEX_POINT('',#2440);
#761=VERTEX_POINT('',#2444);
#762=VERTEX_POINT('',#2446);
#763=VERTEX_POINT('',#2450);
#764=VERTEX_POINT('',#2452);
#765=VERTEX_POINT('',#2459);
#766=VERTEX_POINT('',#2460);
#767=VERTEX_POINT('',#2462);
#768=VERTEX_POINT('',#2464);
#769=VERTEX_POINT('',#2468);
#770=VERTEX_POINT('',#2470);
#771=VERTEX_POINT('',#2474);
#772=VERTEX_POINT('',#2476);
#773=VERTEX_POINT('',#2483);
#774=VERTEX_POINT('',#2484);
#775=VERTEX_POINT('',#2486);
#776=VERTEX_POINT('',#2488);
#777=VERTEX_POINT('',#2492);
#778=VERTEX_POINT('',#2494);
#779=VERTEX_POINT('',#2498);
#780=VERTEX_POINT('',#2500);
#781=VERTEX_POINT('',#2507);
#782=VERTEX_POINT('',#2508);
#783=VERTEX_POINT('',#2510);
#784=VERTEX_POINT('',#2512);
#785=VERTEX_POINT('',#2516);
#786=VERTEX_POINT('',#2518);
#787=VERTEX_POINT('',#2522);
#788=VERTEX_POINT('',#2524);
#789=VERTEX_POINT('',#2531);
#790=VERTEX_POINT('',#2532);
#791=VERTEX_POINT('',#2534);
#792=VERTEX_POINT('',#2536);
#793=VERTEX_POINT('',#2538);
#794=VERTEX_POINT('',#2540);
#795=VERTEX_POINT('',#2542);
#796=VERTEX_POINT('',#2544);
#797=VERTEX_POINT('',#2548);
#798=VERTEX_POINT('',#2549);
#799=VERTEX_POINT('',#2551);
#800=VERTEX_POINT('',#2553);
#801=VERTEX_POINT('',#2557);
#802=VERTEX_POINT('',#2559);
#803=VERTEX_POINT('',#2563);
#804=VERTEX_POINT('',#2567);
#805=VERTEX_POINT('',#2571);
#806=VERTEX_POINT('',#2575);
#807=VERTEX_POINT('',#2579);
#808=VERTEX_POINT('',#2583);
#809=VERTEX_POINT('',#2587);
#810=VERTEX_POINT('',#2590);
#811=VERTEX_POINT('',#2594);
#812=VERTEX_POINT('',#2598);
#813=EDGE_CURVE('',#669,#670,#237,.T.);
#814=EDGE_CURVE('',#669,#671,#238,.T.);
#815=EDGE_CURVE('',#672,#671,#239,.T.);
#816=EDGE_CURVE('',#670,#672,#240,.T.);
#817=EDGE_CURVE('',#673,#672,#241,.T.);
#818=EDGE_CURVE('',#671,#674,#242,.T.);
#819=EDGE_CURVE('',#674,#673,#243,.T.);
#820=EDGE_CURVE('',#675,#674,#244,.T.);
#821=EDGE_CURVE('',#675,#676,#245,.T.);
#822=EDGE_CURVE('',#676,#673,#246,.T.);
#823=EDGE_CURVE('',#677,#675,#247,.T.);
#824=EDGE_CURVE('',#678,#677,#248,.T.);
#825=EDGE_CURVE('',#676,#678,#249,.T.);
#826=EDGE_CURVE('',#679,#678,#250,.T.);
#827=EDGE_CURVE('',#670,#679,#251,.T.);
#828=EDGE_CURVE('',#680,#679,#252,.T.);
#829=EDGE_CURVE('',#669,#680,#253,.T.);
#830=EDGE_CURVE('',#677,#680,#254,.T.);
#831=EDGE_CURVE('',#681,#682,#255,.T.);
#832=EDGE_CURVE('',#681,#683,#256,.T.);
#833=EDGE_CURVE('',#684,#683,#257,.T.);
#834=EDGE_CURVE('',#682,#684,#258,.T.);
#835=EDGE_CURVE('',#685,#684,#259,.T.);
#836=EDGE_CURVE('',#683,#686,#260,.T.);
#837=EDGE_CURVE('',#686,#685,#261,.T.);
#838=EDGE_CURVE('',#687,#686,#262,.T.);
#839=EDGE_CURVE('',#687,#688,#263,.T.);
#840=EDGE_CURVE('',#688,#685,#264,.T.);
#841=EDGE_CURVE('',#689,#681,#265,.T.);
#842=EDGE_CURVE('',#690,#689,#266,.T.);
#843=EDGE_CURVE('',#687,#690,#267,.T.);
#844=EDGE_CURVE('',#691,#690,#268,.T.);
#845=EDGE_CURVE('',#688,#691,#269,.T.);
#846=EDGE_CURVE('',#692,#691,#270,.T.);
#847=EDGE_CURVE('',#682,#692,#271,.T.);
#848=EDGE_CURVE('',#689,#692,#272,.T.);
#849=EDGE_CURVE('',#693,#694,#273,.T.);
#850=EDGE_CURVE('',#693,#695,#274,.T.);
#851=EDGE_CURVE('',#696,#695,#275,.T.);
#852=EDGE_CURVE('',#694,#696,#276,.T.);
#853=EDGE_CURVE('',#697,#698,#277,.T.);
#854=EDGE_CURVE('',#698,#696,#278,.T.);
#855=EDGE_CURVE('',#695,#697,#279,.T.);
#856=EDGE_CURVE('',#699,#697,#280,.T.);
#857=EDGE_CURVE('',#699,#700,#281,.T.);
#858=EDGE_CURVE('',#700,#698,#282,.T.);
#859=EDGE_CURVE('',#701,#693,#283,.T.);
#860=EDGE_CURVE('',#702,#701,#284,.T.);
#861=EDGE_CURVE('',#699,#702,#285,.T.);
#862=EDGE_CURVE('',#703,#702,#286,.T.);
#863=EDGE_CURVE('',#700,#703,#287,.T.);
#864=EDGE_CURVE('',#704,#703,#288,.T.);
#865=EDGE_CURVE('',#694,#704,#289,.T.);
#866=EDGE_CURVE('',#701,#704,#290,.T.);
#867=EDGE_CURVE('',#705,#706,#291,.T.);
#868=EDGE_CURVE('',#705,#707,#292,.T.);
#869=EDGE_CURVE('',#708,#707,#293,.T.);
#870=EDGE_CURVE('',#706,#708,#294,.T.);
#871=EDGE_CURVE('',#707,#709,#295,.T.);
#872=EDGE_CURVE('',#709,#710,#296,.T.);
#873=EDGE_CURVE('',#710,#708,#297,.T.);
#874=EDGE_CURVE('',#706,#711,#298,.T.);
#875=EDGE_CURVE('',#712,#711,#299,.T.);
#876=EDGE_CURVE('',#712,#705,#300,.T.);
#877=EDGE_CURVE('',#713,#709,#301,.T.);
#878=EDGE_CURVE('',#713,#714,#302,.T.);
#879=EDGE_CURVE('',#714,#710,#303,.T.);
#880=EDGE_CURVE('',#715,#712,#304,.T.);
#881=EDGE_CURVE('',#713,#715,#305,.T.);
#882=EDGE_CURVE('',#716,#715,#306,.T.);
#883=EDGE_CURVE('',#714,#716,#307,.T.);
#884=EDGE_CURVE('',#711,#716,#308,.T.);
#885=EDGE_CURVE('',#717,#718,#309,.T.);
#886=EDGE_CURVE('',#717,#719,#310,.T.);
#887=EDGE_CURVE('',#720,#719,#311,.T.);
#888=EDGE_CURVE('',#718,#720,#312,.T.);
#889=EDGE_CURVE('',#719,#721,#313,.T.);
#890=EDGE_CURVE('',#721,#722,#314,.T.);
#891=EDGE_CURVE('',#722,#720,#315,.T.);
#892=EDGE_CURVE('',#718,#723,#316,.T.);
#893=EDGE_CURVE('',#724,#723,#317,.T.);
#894=EDGE_CURVE('',#724,#717,#318,.T.);
#895=EDGE_CURVE('',#725,#721,#319,.T.);
#896=EDGE_CURVE('',#725,#726,#320,.T.);
#897=EDGE_CURVE('',#726,#722,#321,.T.);
#898=EDGE_CURVE('',#727,#724,#322,.T.);
#899=EDGE_CURVE('',#725,#727,#323,.T.);
#900=EDGE_CURVE('',#728,#727,#324,.T.);
#901=EDGE_CURVE('',#726,#728,#325,.T.);
#902=EDGE_CURVE('',#723,#728,#326,.T.);
#903=EDGE_CURVE('',#729,#730,#327,.T.);
#904=EDGE_CURVE('',#729,#731,#328,.T.);
#905=EDGE_CURVE('',#732,#731,#329,.T.);
#906=EDGE_CURVE('',#730,#732,#330,.T.);
#907=EDGE_CURVE('',#733,#734,#331,.T.);
#908=EDGE_CURVE('',#734,#732,#332,.T.);
#909=EDGE_CURVE('',#731,#733,#333,.T.);
#910=EDGE_CURVE('',#735,#733,#334,.T.);
#911=EDGE_CURVE('',#735,#736,#335,.T.);
#912=EDGE_CURVE('',#736,#734,#336,.T.);
#913=EDGE_CURVE('',#737,#729,#337,.T.);
#914=EDGE_CURVE('',#738,#737,#338,.T.);
#915=EDGE_CURVE('',#735,#738,#339,.T.);
#916=EDGE_CURVE('',#739,#738,#340,.T.);
#917=EDGE_CURVE('',#736,#739,#341,.T.);
#918=EDGE_CURVE('',#740,#739,#342,.T.);
#919=EDGE_CURVE('',#730,#740,#343,.T.);
#920=EDGE_CURVE('',#737,#740,#344,.T.);
#921=EDGE_CURVE('',#741,#742,#345,.T.);
#922=EDGE_CURVE('',#741,#743,#346,.T.);
#923=EDGE_CURVE('',#744,#743,#347,.T.);
#924=EDGE_CURVE('',#742,#744,#348,.T.);
#925=EDGE_CURVE('',#742,#745,#349,.T.);
#926=EDGE_CURVE('',#746,#744,#350,.T.);
#927=EDGE_CURVE('',#745,#746,#351,.T.);
#928=EDGE_CURVE('',#745,#747,#352,.T.);
#929=EDGE_CURVE('',#748,#746,#353,.T.);
#930=EDGE_CURVE('',#747,#748,#354,.T.);
#931=EDGE_CURVE('',#747,#741,#355,.T.);
#932=EDGE_CURVE('',#743,#748,#356,.T.);
#933=EDGE_CURVE('',#749,#750,#357,.T.);
#934=EDGE_CURVE('',#749,#751,#358,.T.);
#935=EDGE_CURVE('',#752,#751,#359,.T.);
#936=EDGE_CURVE('',#750,#752,#360,.T.);
#937=EDGE_CURVE('',#750,#753,#361,.T.);
#938=EDGE_CURVE('',#754,#752,#362,.T.);
#939=EDGE_CURVE('',#753,#754,#363,.T.);
#940=EDGE_CURVE('',#753,#755,#364,.T.);
#941=EDGE_CURVE('',#756,#754,#365,.T.);
#942=EDGE_CURVE('',#755,#756,#366,.T.);
#943=EDGE_CURVE('',#755,#749,#367,.T.);
#944=EDGE_CURVE('',#751,#756,#368,.T.);
#945=EDGE_CURVE('',#757,#758,#369,.T.);
#946=EDGE_CURVE('',#757,#759,#370,.T.);
#947=EDGE_CURVE('',#760,#759,#371,.T.);
#948=EDGE_CURVE('',#758,#760,#372,.T.);
#949=EDGE_CURVE('',#758,#761,#373,.T.);
#950=EDGE_CURVE('',#762,#760,#374,.T.);
#951=EDGE_CURVE('',#761,#762,#375,.T.);
#952=EDGE_CURVE('',#761,#763,#376,.T.);
#953=EDGE_CURVE('',#764,#762,#377,.T.);
#954=EDGE_CURVE('',#763,#764,#378,.T.);
#955=EDGE_CURVE('',#763,#757,#379,.T.);
#956=EDGE_CURVE('',#759,#764,#380,.T.);
#957=EDGE_CURVE('',#765,#766,#381,.T.);
#958=EDGE_CURVE('',#765,#767,#382,.T.);
#959=EDGE_CURVE('',#768,#767,#383,.T.);
#960=EDGE_CURVE('',#766,#768,#384,.T.);
#961=EDGE_CURVE('',#766,#769,#385,.T.);
#962=EDGE_CURVE('',#770,#768,#386,.T.);
#963=EDGE_CURVE('',#769,#770,#387,.T.);
#964=EDGE_CURVE('',#769,#771,#388,.T.);
#965=EDGE_CURVE('',#772,#770,#389,.T.);
#966=EDGE_CURVE('',#771,#772,#390,.T.);
#967=EDGE_CURVE('',#771,#765,#391,.T.);
#968=EDGE_CURVE('',#767,#772,#392,.T.);
#969=EDGE_CURVE('',#773,#774,#393,.T.);
#970=EDGE_CURVE('',#773,#775,#394,.T.);
#971=EDGE_CURVE('',#776,#775,#395,.T.);
#972=EDGE_CURVE('',#774,#776,#396,.T.);
#973=EDGE_CURVE('',#774,#777,#397,.T.);
#974=EDGE_CURVE('',#778,#776,#398,.T.);
#975=EDGE_CURVE('',#777,#778,#399,.T.);
#976=EDGE_CURVE('',#777,#779,#400,.T.);
#977=EDGE_CURVE('',#780,#778,#401,.T.);
#978=EDGE_CURVE('',#779,#780,#402,.T.);
#979=EDGE_CURVE('',#779,#773,#403,.T.);
#980=EDGE_CURVE('',#775,#780,#404,.T.);
#981=EDGE_CURVE('',#781,#782,#405,.T.);
#982=EDGE_CURVE('',#781,#783,#406,.T.);
#983=EDGE_CURVE('',#784,#783,#407,.T.);
#984=EDGE_CURVE('',#782,#784,#408,.T.);
#985=EDGE_CURVE('',#782,#785,#409,.T.);
#986=EDGE_CURVE('',#786,#784,#410,.T.);
#987=EDGE_CURVE('',#785,#786,#411,.T.);
#988=EDGE_CURVE('',#785,#787,#412,.T.);
#989=EDGE_CURVE('',#788,#786,#413,.T.);
#990=EDGE_CURVE('',#787,#788,#414,.T.);
#991=EDGE_CURVE('',#787,#781,#415,.T.);
#992=EDGE_CURVE('',#783,#788,#416,.T.);
#993=EDGE_CURVE('',#789,#790,#417,.T.);
#994=EDGE_CURVE('',#790,#791,#418,.T.);
#995=EDGE_CURVE('',#791,#792,#419,.T.);
#996=EDGE_CURVE('',#792,#793,#420,.T.);
#997=EDGE_CURVE('',#793,#794,#421,.T.);
#998=EDGE_CURVE('',#794,#795,#422,.T.);
#999=EDGE_CURVE('',#795,#796,#423,.T.);
#1000=EDGE_CURVE('',#796,#789,#424,.T.);
#1001=EDGE_CURVE('',#797,#798,#425,.T.);
#1002=EDGE_CURVE('',#798,#799,#426,.T.);
#1003=EDGE_CURVE('',#799,#800,#427,.T.);
#1004=EDGE_CURVE('',#800,#797,#428,.T.);
#1005=EDGE_CURVE('',#791,#801,#429,.T.);
#1006=EDGE_CURVE('',#802,#801,#430,.T.);
#1007=EDGE_CURVE('',#792,#802,#431,.T.);
#1008=EDGE_CURVE('',#803,#802,#432,.T.);
#1009=EDGE_CURVE('',#793,#803,#433,.T.);
#1010=EDGE_CURVE('',#804,#803,#434,.T.);
#1011=EDGE_CURVE('',#794,#804,#435,.T.);
#1012=EDGE_CURVE('',#805,#804,#436,.T.);
#1013=EDGE_CURVE('',#795,#805,#437,.T.);
#1014=EDGE_CURVE('',#806,#805,#438,.T.);
#1015=EDGE_CURVE('',#796,#806,#439,.T.);
#1016=EDGE_CURVE('',#807,#806,#440,.T.);
#1017=EDGE_CURVE('',#789,#807,#441,.T.);
#1018=EDGE_CURVE('',#808,#807,#442,.T.);
#1019=EDGE_CURVE('',#790,#808,#443,.T.);
#1020=EDGE_CURVE('',#809,#808,#444,.T.);
#1021=EDGE_CURVE('',#798,#809,#445,.T.);
#1022=EDGE_CURVE('',#797,#810,#446,.T.);
#1023=EDGE_CURVE('',#801,#810,#447,.T.);
#1024=EDGE_CURVE('',#811,#809,#448,.T.);
#1025=EDGE_CURVE('',#799,#811,#449,.T.);
#1026=EDGE_CURVE('',#812,#811,#450,.T.);
#1027=EDGE_CURVE('',#800,#812,#451,.T.);
#1028=EDGE_CURVE('',#810,#812,#452,.T.);
#1029=ORIENTED_EDGE('',*,*,#813,.F.);
#1030=ORIENTED_EDGE('',*,*,#814,.T.);
#1031=ORIENTED_EDGE('',*,*,#815,.F.);
#1032=ORIENTED_EDGE('',*,*,#816,.F.);
#1033=ORIENTED_EDGE('',*,*,#817,.T.);
#1034=ORIENTED_EDGE('',*,*,#815,.T.);
#1035=ORIENTED_EDGE('',*,*,#818,.T.);
#1036=ORIENTED_EDGE('',*,*,#819,.T.);
#1037=ORIENTED_EDGE('',*,*,#820,.F.);
#1038=ORIENTED_EDGE('',*,*,#821,.T.);
#1039=ORIENTED_EDGE('',*,*,#822,.T.);
#1040=ORIENTED_EDGE('',*,*,#819,.F.);
#1041=ORIENTED_EDGE('',*,*,#823,.F.);
#1042=ORIENTED_EDGE('',*,*,#824,.F.);
#1043=ORIENTED_EDGE('',*,*,#825,.F.);
#1044=ORIENTED_EDGE('',*,*,#821,.F.);
#1045=ORIENTED_EDGE('',*,*,#825,.T.);
#1046=ORIENTED_EDGE('',*,*,#826,.F.);
#1047=ORIENTED_EDGE('',*,*,#827,.F.);
#1048=ORIENTED_EDGE('',*,*,#816,.T.);
#1049=ORIENTED_EDGE('',*,*,#817,.F.);
#1050=ORIENTED_EDGE('',*,*,#822,.F.);
#1051=ORIENTED_EDGE('',*,*,#813,.T.);
#1052=ORIENTED_EDGE('',*,*,#827,.T.);
#1053=ORIENTED_EDGE('',*,*,#828,.F.);
#1054=ORIENTED_EDGE('',*,*,#829,.F.);
#1055=ORIENTED_EDGE('',*,*,#829,.T.);
#1056=ORIENTED_EDGE('',*,*,#830,.F.);
#1057=ORIENTED_EDGE('',*,*,#823,.T.);
#1058=ORIENTED_EDGE('',*,*,#820,.T.);
#1059=ORIENTED_EDGE('',*,*,#818,.F.);
#1060=ORIENTED_EDGE('',*,*,#814,.F.);
#1061=ORIENTED_EDGE('',*,*,#830,.T.);
#1062=ORIENTED_EDGE('',*,*,#828,.T.);
#1063=ORIENTED_EDGE('',*,*,#826,.T.);
#1064=ORIENTED_EDGE('',*,*,#824,.T.);
#1065=ORIENTED_EDGE('',*,*,#831,.F.);
#1066=ORIENTED_EDGE('',*,*,#832,.T.);
#1067=ORIENTED_EDGE('',*,*,#833,.F.);
#1068=ORIENTED_EDGE('',*,*,#834,.F.);
#1069=ORIENTED_EDGE('',*,*,#835,.T.);
#1070=ORIENTED_EDGE('',*,*,#833,.T.);
#1071=ORIENTED_EDGE('',*,*,#836,.T.);
#1072=ORIENTED_EDGE('',*,*,#837,.T.);
#1073=ORIENTED_EDGE('',*,*,#838,.F.);
#1074=ORIENTED_EDGE('',*,*,#839,.T.);
#1075=ORIENTED_EDGE('',*,*,#840,.T.);
#1076=ORIENTED_EDGE('',*,*,#837,.F.);
#1077=ORIENTED_EDGE('',*,*,#841,.F.);
#1078=ORIENTED_EDGE('',*,*,#842,.F.);
#1079=ORIENTED_EDGE('',*,*,#843,.F.);
#1080=ORIENTED_EDGE('',*,*,#838,.T.);
#1081=ORIENTED_EDGE('',*,*,#836,.F.);
#1082=ORIENTED_EDGE('',*,*,#832,.F.);
#1083=ORIENTED_EDGE('',*,*,#843,.T.);
#1084=ORIENTED_EDGE('',*,*,#844,.F.);
#1085=ORIENTED_EDGE('',*,*,#845,.F.);
#1086=ORIENTED_EDGE('',*,*,#839,.F.);
#1087=ORIENTED_EDGE('',*,*,#845,.T.);
#1088=ORIENTED_EDGE('',*,*,#846,.F.);
#1089=ORIENTED_EDGE('',*,*,#847,.F.);
#1090=ORIENTED_EDGE('',*,*,#834,.T.);
#1091=ORIENTED_EDGE('',*,*,#835,.F.);
#1092=ORIENTED_EDGE('',*,*,#840,.F.);
#1093=ORIENTED_EDGE('',*,*,#831,.T.);
#1094=ORIENTED_EDGE('',*,*,#847,.T.);
#1095=ORIENTED_EDGE('',*,*,#848,.F.);
#1096=ORIENTED_EDGE('',*,*,#841,.T.);
#1097=ORIENTED_EDGE('',*,*,#848,.T.);
#1098=ORIENTED_EDGE('',*,*,#846,.T.);
#1099=ORIENTED_EDGE('',*,*,#844,.T.);
#1100=ORIENTED_EDGE('',*,*,#842,.T.);
#1101=ORIENTED_EDGE('',*,*,#849,.F.);
#1102=ORIENTED_EDGE('',*,*,#850,.T.);
#1103=ORIENTED_EDGE('',*,*,#851,.F.);
#1104=ORIENTED_EDGE('',*,*,#852,.F.);
#1105=ORIENTED_EDGE('',*,*,#853,.T.);
#1106=ORIENTED_EDGE('',*,*,#854,.T.);
#1107=ORIENTED_EDGE('',*,*,#851,.T.);
#1108=ORIENTED_EDGE('',*,*,#855,.T.);
#1109=ORIENTED_EDGE('',*,*,#856,.F.);
#1110=ORIENTED_EDGE('',*,*,#857,.T.);
#1111=ORIENTED_EDGE('',*,*,#858,.T.);
#1112=ORIENTED_EDGE('',*,*,#853,.F.);
#1113=ORIENTED_EDGE('',*,*,#859,.F.);
#1114=ORIENTED_EDGE('',*,*,#860,.F.);
#1115=ORIENTED_EDGE('',*,*,#861,.F.);
#1116=ORIENTED_EDGE('',*,*,#856,.T.);
#1117=ORIENTED_EDGE('',*,*,#855,.F.);
#1118=ORIENTED_EDGE('',*,*,#850,.F.);
#1119=ORIENTED_EDGE('',*,*,#861,.T.);
#1120=ORIENTED_EDGE('',*,*,#862,.F.);
#1121=ORIENTED_EDGE('',*,*,#863,.F.);
#1122=ORIENTED_EDGE('',*,*,#857,.F.);
#1123=ORIENTED_EDGE('',*,*,#863,.T.);
#1124=ORIENTED_EDGE('',*,*,#864,.F.);
#1125=ORIENTED_EDGE('',*,*,#865,.F.);
#1126=ORIENTED_EDGE('',*,*,#852,.T.);
#1127=ORIENTED_EDGE('',*,*,#854,.F.);
#1128=ORIENTED_EDGE('',*,*,#858,.F.);
#1129=ORIENTED_EDGE('',*,*,#849,.T.);
#1130=ORIENTED_EDGE('',*,*,#865,.T.);
#1131=ORIENTED_EDGE('',*,*,#866,.F.);
#1132=ORIENTED_EDGE('',*,*,#859,.T.);
#1133=ORIENTED_EDGE('',*,*,#866,.T.);
#1134=ORIENTED_EDGE('',*,*,#864,.T.);
#1135=ORIENTED_EDGE('',*,*,#862,.T.);
#1136=ORIENTED_EDGE('',*,*,#860,.T.);
#1137=ORIENTED_EDGE('',*,*,#867,.F.);
#1138=ORIENTED_EDGE('',*,*,#868,.T.);
#1139=ORIENTED_EDGE('',*,*,#869,.F.);
#1140=ORIENTED_EDGE('',*,*,#870,.F.);
#1141=ORIENTED_EDGE('',*,*,#869,.T.);
#1142=ORIENTED_EDGE('',*,*,#871,.T.);
#1143=ORIENTED_EDGE('',*,*,#872,.T.);
#1144=ORIENTED_EDGE('',*,*,#873,.T.);
#1145=ORIENTED_EDGE('',*,*,#867,.T.);
#1146=ORIENTED_EDGE('',*,*,#874,.T.);
#1147=ORIENTED_EDGE('',*,*,#875,.F.);
#1148=ORIENTED_EDGE('',*,*,#876,.T.);
#1149=ORIENTED_EDGE('',*,*,#877,.F.);
#1150=ORIENTED_EDGE('',*,*,#878,.T.);
#1151=ORIENTED_EDGE('',*,*,#879,.T.);
#1152=ORIENTED_EDGE('',*,*,#872,.F.);
#1153=ORIENTED_EDGE('',*,*,#876,.F.);
#1154=ORIENTED_EDGE('',*,*,#880,.F.);
#1155=ORIENTED_EDGE('',*,*,#881,.F.);
#1156=ORIENTED_EDGE('',*,*,#877,.T.);
#1157=ORIENTED_EDGE('',*,*,#871,.F.);
#1158=ORIENTED_EDGE('',*,*,#868,.F.);
#1159=ORIENTED_EDGE('',*,*,#881,.T.);
#1160=ORIENTED_EDGE('',*,*,#882,.F.);
#1161=ORIENTED_EDGE('',*,*,#883,.F.);
#1162=ORIENTED_EDGE('',*,*,#878,.F.);
#1163=ORIENTED_EDGE('',*,*,#883,.T.);
#1164=ORIENTED_EDGE('',*,*,#884,.F.);
#1165=ORIENTED_EDGE('',*,*,#874,.F.);
#1166=ORIENTED_EDGE('',*,*,#870,.T.);
#1167=ORIENTED_EDGE('',*,*,#873,.F.);
#1168=ORIENTED_EDGE('',*,*,#879,.F.);
#1169=ORIENTED_EDGE('',*,*,#875,.T.);
#1170=ORIENTED_EDGE('',*,*,#884,.T.);
#1171=ORIENTED_EDGE('',*,*,#882,.T.);
#1172=ORIENTED_EDGE('',*,*,#880,.T.);
#1173=ORIENTED_EDGE('',*,*,#885,.F.);
#1174=ORIENTED_EDGE('',*,*,#886,.T.);
#1175=ORIENTED_EDGE('',*,*,#887,.F.);
#1176=ORIENTED_EDGE('',*,*,#888,.F.);
#1177=ORIENTED_EDGE('',*,*,#887,.T.);
#1178=ORIENTED_EDGE('',*,*,#889,.T.);
#1179=ORIENTED_EDGE('',*,*,#890,.T.);
#1180=ORIENTED_EDGE('',*,*,#891,.T.);
#1181=ORIENTED_EDGE('',*,*,#885,.T.);
#1182=ORIENTED_EDGE('',*,*,#892,.T.);
#1183=ORIENTED_EDGE('',*,*,#893,.F.);
#1184=ORIENTED_EDGE('',*,*,#894,.T.);
#1185=ORIENTED_EDGE('',*,*,#895,.F.);
#1186=ORIENTED_EDGE('',*,*,#896,.T.);
#1187=ORIENTED_EDGE('',*,*,#897,.T.);
#1188=ORIENTED_EDGE('',*,*,#890,.F.);
#1189=ORIENTED_EDGE('',*,*,#894,.F.);
#1190=ORIENTED_EDGE('',*,*,#898,.F.);
#1191=ORIENTED_EDGE('',*,*,#899,.F.);
#1192=ORIENTED_EDGE('',*,*,#895,.T.);
#1193=ORIENTED_EDGE('',*,*,#889,.F.);
#1194=ORIENTED_EDGE('',*,*,#886,.F.);
#1195=ORIENTED_EDGE('',*,*,#899,.T.);
#1196=ORIENTED_EDGE('',*,*,#900,.F.);
#1197=ORIENTED_EDGE('',*,*,#901,.F.);
#1198=ORIENTED_EDGE('',*,*,#896,.F.);
#1199=ORIENTED_EDGE('',*,*,#901,.T.);
#1200=ORIENTED_EDGE('',*,*,#902,.F.);
#1201=ORIENTED_EDGE('',*,*,#892,.F.);
#1202=ORIENTED_EDGE('',*,*,#888,.T.);
#1203=ORIENTED_EDGE('',*,*,#891,.F.);
#1204=ORIENTED_EDGE('',*,*,#897,.F.);
#1205=ORIENTED_EDGE('',*,*,#893,.T.);
#1206=ORIENTED_EDGE('',*,*,#902,.T.);
#1207=ORIENTED_EDGE('',*,*,#900,.T.);
#1208=ORIENTED_EDGE('',*,*,#898,.T.);
#1209=ORIENTED_EDGE('',*,*,#903,.F.);
#1210=ORIENTED_EDGE('',*,*,#904,.T.);
#1211=ORIENTED_EDGE('',*,*,#905,.F.);
#1212=ORIENTED_EDGE('',*,*,#906,.F.);
#1213=ORIENTED_EDGE('',*,*,#907,.T.);
#1214=ORIENTED_EDGE('',*,*,#908,.T.);
#1215=ORIENTED_EDGE('',*,*,#905,.T.);
#1216=ORIENTED_EDGE('',*,*,#909,.T.);
#1217=ORIENTED_EDGE('',*,*,#910,.F.);
#1218=ORIENTED_EDGE('',*,*,#911,.T.);
#1219=ORIENTED_EDGE('',*,*,#912,.T.);
#1220=ORIENTED_EDGE('',*,*,#907,.F.);
#1221=ORIENTED_EDGE('',*,*,#913,.F.);
#1222=ORIENTED_EDGE('',*,*,#914,.F.);
#1223=ORIENTED_EDGE('',*,*,#915,.F.);
#1224=ORIENTED_EDGE('',*,*,#910,.T.);
#1225=ORIENTED_EDGE('',*,*,#909,.F.);
#1226=ORIENTED_EDGE('',*,*,#904,.F.);
#1227=ORIENTED_EDGE('',*,*,#915,.T.);
#1228=ORIENTED_EDGE('',*,*,#916,.F.);
#1229=ORIENTED_EDGE('',*,*,#917,.F.);
#1230=ORIENTED_EDGE('',*,*,#911,.F.);
#1231=ORIENTED_EDGE('',*,*,#917,.T.);
#1232=ORIENTED_EDGE('',*,*,#918,.F.);
#1233=ORIENTED_EDGE('',*,*,#919,.F.);
#1234=ORIENTED_EDGE('',*,*,#906,.T.);
#1235=ORIENTED_EDGE('',*,*,#908,.F.);
#1236=ORIENTED_EDGE('',*,*,#912,.F.);
#1237=ORIENTED_EDGE('',*,*,#903,.T.);
#1238=ORIENTED_EDGE('',*,*,#919,.T.);
#1239=ORIENTED_EDGE('',*,*,#920,.F.);
#1240=ORIENTED_EDGE('',*,*,#913,.T.);
#1241=ORIENTED_EDGE('',*,*,#920,.T.);
#1242=ORIENTED_EDGE('',*,*,#918,.T.);
#1243=ORIENTED_EDGE('',*,*,#916,.T.);
#1244=ORIENTED_EDGE('',*,*,#914,.T.);
#1245=ORIENTED_EDGE('',*,*,#921,.F.);
#1246=ORIENTED_EDGE('',*,*,#922,.T.);
#1247=ORIENTED_EDGE('',*,*,#923,.F.);
#1248=ORIENTED_EDGE('',*,*,#924,.F.);
#1249=ORIENTED_EDGE('',*,*,#925,.F.);
#1250=ORIENTED_EDGE('',*,*,#924,.T.);
#1251=ORIENTED_EDGE('',*,*,#926,.F.);
#1252=ORIENTED_EDGE('',*,*,#927,.F.);
#1253=ORIENTED_EDGE('',*,*,#928,.F.);
#1254=ORIENTED_EDGE('',*,*,#927,.T.);
#1255=ORIENTED_EDGE('',*,*,#929,.F.);
#1256=ORIENTED_EDGE('',*,*,#930,.F.);
#1257=ORIENTED_EDGE('',*,*,#931,.F.);
#1258=ORIENTED_EDGE('',*,*,#930,.T.);
#1259=ORIENTED_EDGE('',*,*,#932,.F.);
#1260=ORIENTED_EDGE('',*,*,#922,.F.);
#1261=ORIENTED_EDGE('',*,*,#933,.F.);
#1262=ORIENTED_EDGE('',*,*,#934,.T.);
#1263=ORIENTED_EDGE('',*,*,#935,.F.);
#1264=ORIENTED_EDGE('',*,*,#936,.F.);
#1265=ORIENTED_EDGE('',*,*,#937,.F.);
#1266=ORIENTED_EDGE('',*,*,#936,.T.);
#1267=ORIENTED_EDGE('',*,*,#938,.F.);
#1268=ORIENTED_EDGE('',*,*,#939,.F.);
#1269=ORIENTED_EDGE('',*,*,#940,.F.);
#1270=ORIENTED_EDGE('',*,*,#939,.T.);
#1271=ORIENTED_EDGE('',*,*,#941,.F.);
#1272=ORIENTED_EDGE('',*,*,#942,.F.);
#1273=ORIENTED_EDGE('',*,*,#943,.F.);
#1274=ORIENTED_EDGE('',*,*,#942,.T.);
#1275=ORIENTED_EDGE('',*,*,#944,.F.);
#1276=ORIENTED_EDGE('',*,*,#934,.F.);
#1277=ORIENTED_EDGE('',*,*,#945,.F.);
#1278=ORIENTED_EDGE('',*,*,#946,.T.);
#1279=ORIENTED_EDGE('',*,*,#947,.F.);
#1280=ORIENTED_EDGE('',*,*,#948,.F.);
#1281=ORIENTED_EDGE('',*,*,#949,.F.);
#1282=ORIENTED_EDGE('',*,*,#948,.T.);
#1283=ORIENTED_EDGE('',*,*,#950,.F.);
#1284=ORIENTED_EDGE('',*,*,#951,.F.);
#1285=ORIENTED_EDGE('',*,*,#952,.F.);
#1286=ORIENTED_EDGE('',*,*,#951,.T.);
#1287=ORIENTED_EDGE('',*,*,#953,.F.);
#1288=ORIENTED_EDGE('',*,*,#954,.F.);
#1289=ORIENTED_EDGE('',*,*,#955,.F.);
#1290=ORIENTED_EDGE('',*,*,#954,.T.);
#1291=ORIENTED_EDGE('',*,*,#956,.F.);
#1292=ORIENTED_EDGE('',*,*,#946,.F.);
#1293=ORIENTED_EDGE('',*,*,#957,.F.);
#1294=ORIENTED_EDGE('',*,*,#958,.T.);
#1295=ORIENTED_EDGE('',*,*,#959,.F.);
#1296=ORIENTED_EDGE('',*,*,#960,.F.);
#1297=ORIENTED_EDGE('',*,*,#961,.F.);
#1298=ORIENTED_EDGE('',*,*,#960,.T.);
#1299=ORIENTED_EDGE('',*,*,#962,.F.);
#1300=ORIENTED_EDGE('',*,*,#963,.F.);
#1301=ORIENTED_EDGE('',*,*,#964,.F.);
#1302=ORIENTED_EDGE('',*,*,#963,.T.);
#1303=ORIENTED_EDGE('',*,*,#965,.F.);
#1304=ORIENTED_EDGE('',*,*,#966,.F.);
#1305=ORIENTED_EDGE('',*,*,#967,.F.);
#1306=ORIENTED_EDGE('',*,*,#966,.T.);
#1307=ORIENTED_EDGE('',*,*,#968,.F.);
#1308=ORIENTED_EDGE('',*,*,#958,.F.);
#1309=ORIENTED_EDGE('',*,*,#969,.F.);
#1310=ORIENTED_EDGE('',*,*,#970,.T.);
#1311=ORIENTED_EDGE('',*,*,#971,.F.);
#1312=ORIENTED_EDGE('',*,*,#972,.F.);
#1313=ORIENTED_EDGE('',*,*,#973,.F.);
#1314=ORIENTED_EDGE('',*,*,#972,.T.);
#1315=ORIENTED_EDGE('',*,*,#974,.F.);
#1316=ORIENTED_EDGE('',*,*,#975,.F.);
#1317=ORIENTED_EDGE('',*,*,#976,.F.);
#1318=ORIENTED_EDGE('',*,*,#975,.T.);
#1319=ORIENTED_EDGE('',*,*,#977,.F.);
#1320=ORIENTED_EDGE('',*,*,#978,.F.);
#1321=ORIENTED_EDGE('',*,*,#979,.F.);
#1322=ORIENTED_EDGE('',*,*,#978,.T.);
#1323=ORIENTED_EDGE('',*,*,#980,.F.);
#1324=ORIENTED_EDGE('',*,*,#970,.F.);
#1325=ORIENTED_EDGE('',*,*,#981,.F.);
#1326=ORIENTED_EDGE('',*,*,#982,.T.);
#1327=ORIENTED_EDGE('',*,*,#983,.F.);
#1328=ORIENTED_EDGE('',*,*,#984,.F.);
#1329=ORIENTED_EDGE('',*,*,#985,.F.);
#1330=ORIENTED_EDGE('',*,*,#984,.T.);
#1331=ORIENTED_EDGE('',*,*,#986,.F.);
#1332=ORIENTED_EDGE('',*,*,#987,.F.);
#1333=ORIENTED_EDGE('',*,*,#988,.F.);
#1334=ORIENTED_EDGE('',*,*,#987,.T.);
#1335=ORIENTED_EDGE('',*,*,#989,.F.);
#1336=ORIENTED_EDGE('',*,*,#990,.F.);
#1337=ORIENTED_EDGE('',*,*,#991,.F.);
#1338=ORIENTED_EDGE('',*,*,#990,.T.);
#1339=ORIENTED_EDGE('',*,*,#992,.F.);
#1340=ORIENTED_EDGE('',*,*,#982,.F.);
#1341=ORIENTED_EDGE('',*,*,#993,.T.);
#1342=ORIENTED_EDGE('',*,*,#994,.T.);
#1343=ORIENTED_EDGE('',*,*,#995,.T.);
#1344=ORIENTED_EDGE('',*,*,#996,.T.);
#1345=ORIENTED_EDGE('',*,*,#997,.T.);
#1346=ORIENTED_EDGE('',*,*,#998,.T.);
#1347=ORIENTED_EDGE('',*,*,#999,.T.);
#1348=ORIENTED_EDGE('',*,*,#1000,.T.);
#1349=ORIENTED_EDGE('',*,*,#991,.T.);
#1350=ORIENTED_EDGE('',*,*,#981,.T.);
#1351=ORIENTED_EDGE('',*,*,#985,.T.);
#1352=ORIENTED_EDGE('',*,*,#988,.T.);
#1353=ORIENTED_EDGE('',*,*,#979,.T.);
#1354=ORIENTED_EDGE('',*,*,#969,.T.);
#1355=ORIENTED_EDGE('',*,*,#973,.T.);
#1356=ORIENTED_EDGE('',*,*,#976,.T.);
#1357=ORIENTED_EDGE('',*,*,#967,.T.);
#1358=ORIENTED_EDGE('',*,*,#957,.T.);
#1359=ORIENTED_EDGE('',*,*,#961,.T.);
#1360=ORIENTED_EDGE('',*,*,#964,.T.);
#1361=ORIENTED_EDGE('',*,*,#955,.T.);
#1362=ORIENTED_EDGE('',*,*,#945,.T.);
#1363=ORIENTED_EDGE('',*,*,#949,.T.);
#1364=ORIENTED_EDGE('',*,*,#952,.T.);
#1365=ORIENTED_EDGE('',*,*,#943,.T.);
#1366=ORIENTED_EDGE('',*,*,#933,.T.);
#1367=ORIENTED_EDGE('',*,*,#937,.T.);
#1368=ORIENTED_EDGE('',*,*,#940,.T.);
#1369=ORIENTED_EDGE('',*,*,#931,.T.);
#1370=ORIENTED_EDGE('',*,*,#921,.T.);
#1371=ORIENTED_EDGE('',*,*,#925,.T.);
#1372=ORIENTED_EDGE('',*,*,#928,.T.);
#1373=ORIENTED_EDGE('',*,*,#1001,.T.);
#1374=ORIENTED_EDGE('',*,*,#1002,.T.);
#1375=ORIENTED_EDGE('',*,*,#1003,.T.);
#1376=ORIENTED_EDGE('',*,*,#1004,.T.);
#1377=ORIENTED_EDGE('',*,*,#992,.T.);
#1378=ORIENTED_EDGE('',*,*,#989,.T.);
#1379=ORIENTED_EDGE('',*,*,#986,.T.);
#1380=ORIENTED_EDGE('',*,*,#983,.T.);
#1381=ORIENTED_EDGE('',*,*,#980,.T.);
#1382=ORIENTED_EDGE('',*,*,#977,.T.);
#1383=ORIENTED_EDGE('',*,*,#974,.T.);
#1384=ORIENTED_EDGE('',*,*,#971,.T.);
#1385=ORIENTED_EDGE('',*,*,#968,.T.);
#1386=ORIENTED_EDGE('',*,*,#965,.T.);
#1387=ORIENTED_EDGE('',*,*,#962,.T.);
#1388=ORIENTED_EDGE('',*,*,#959,.T.);
#1389=ORIENTED_EDGE('',*,*,#956,.T.);
#1390=ORIENTED_EDGE('',*,*,#953,.T.);
#1391=ORIENTED_EDGE('',*,*,#950,.T.);
#1392=ORIENTED_EDGE('',*,*,#947,.T.);
#1393=ORIENTED_EDGE('',*,*,#944,.T.);
#1394=ORIENTED_EDGE('',*,*,#941,.T.);
#1395=ORIENTED_EDGE('',*,*,#938,.T.);
#1396=ORIENTED_EDGE('',*,*,#935,.T.);
#1397=ORIENTED_EDGE('',*,*,#932,.T.);
#1398=ORIENTED_EDGE('',*,*,#929,.T.);
#1399=ORIENTED_EDGE('',*,*,#926,.T.);
#1400=ORIENTED_EDGE('',*,*,#923,.T.);
#1401=ORIENTED_EDGE('',*,*,#995,.F.);
#1402=ORIENTED_EDGE('',*,*,#1005,.T.);
#1403=ORIENTED_EDGE('',*,*,#1006,.F.);
#1404=ORIENTED_EDGE('',*,*,#1007,.F.);
#1405=ORIENTED_EDGE('',*,*,#996,.F.);
#1406=ORIENTED_EDGE('',*,*,#1007,.T.);
#1407=ORIENTED_EDGE('',*,*,#1008,.F.);
#1408=ORIENTED_EDGE('',*,*,#1009,.F.);
#1409=ORIENTED_EDGE('',*,*,#997,.F.);
#1410=ORIENTED_EDGE('',*,*,#1009,.T.);
#1411=ORIENTED_EDGE('',*,*,#1010,.F.);
#1412=ORIENTED_EDGE('',*,*,#1011,.F.);
#1413=ORIENTED_EDGE('',*,*,#998,.F.);
#1414=ORIENTED_EDGE('',*,*,#1011,.T.);
#1415=ORIENTED_EDGE('',*,*,#1012,.F.);
#1416=ORIENTED_EDGE('',*,*,#1013,.F.);
#1417=ORIENTED_EDGE('',*,*,#999,.F.);
#1418=ORIENTED_EDGE('',*,*,#1013,.T.);
#1419=ORIENTED_EDGE('',*,*,#1014,.F.);
#1420=ORIENTED_EDGE('',*,*,#1015,.F.);
#1421=ORIENTED_EDGE('',*,*,#1000,.F.);
#1422=ORIENTED_EDGE('',*,*,#1015,.T.);
#1423=ORIENTED_EDGE('',*,*,#1016,.F.);
#1424=ORIENTED_EDGE('',*,*,#1017,.F.);
#1425=ORIENTED_EDGE('',*,*,#993,.F.);
#1426=ORIENTED_EDGE('',*,*,#1017,.T.);
#1427=ORIENTED_EDGE('',*,*,#1018,.F.);
#1428=ORIENTED_EDGE('',*,*,#1019,.F.);
#1429=ORIENTED_EDGE('',*,*,#1019,.T.);
#1430=ORIENTED_EDGE('',*,*,#1020,.F.);
#1431=ORIENTED_EDGE('',*,*,#1021,.F.);
#1432=ORIENTED_EDGE('',*,*,#1001,.F.);
#1433=ORIENTED_EDGE('',*,*,#1022,.T.);
#1434=ORIENTED_EDGE('',*,*,#1023,.F.);
#1435=ORIENTED_EDGE('',*,*,#1005,.F.);
#1436=ORIENTED_EDGE('',*,*,#994,.F.);
#1437=ORIENTED_EDGE('',*,*,#1021,.T.);
#1438=ORIENTED_EDGE('',*,*,#1024,.F.);
#1439=ORIENTED_EDGE('',*,*,#1025,.F.);
#1440=ORIENTED_EDGE('',*,*,#1002,.F.);
#1441=ORIENTED_EDGE('',*,*,#1025,.T.);
#1442=ORIENTED_EDGE('',*,*,#1026,.F.);
#1443=ORIENTED_EDGE('',*,*,#1027,.F.);
#1444=ORIENTED_EDGE('',*,*,#1003,.F.);
#1445=ORIENTED_EDGE('',*,*,#1027,.T.);
#1446=ORIENTED_EDGE('',*,*,#1028,.F.);
#1447=ORIENTED_EDGE('',*,*,#1022,.F.);
#1448=ORIENTED_EDGE('',*,*,#1004,.F.);
#1449=ORIENTED_EDGE('',*,*,#1023,.T.);
#1450=ORIENTED_EDGE('',*,*,#1028,.T.);
#1451=ORIENTED_EDGE('',*,*,#1026,.T.);
#1452=ORIENTED_EDGE('',*,*,#1024,.T.);
#1453=ORIENTED_EDGE('',*,*,#1020,.T.);
#1454=ORIENTED_EDGE('',*,*,#1018,.T.);
#1455=ORIENTED_EDGE('',*,*,#1016,.T.);
#1456=ORIENTED_EDGE('',*,*,#1014,.T.);
#1457=ORIENTED_EDGE('',*,*,#1012,.T.);
#1458=ORIENTED_EDGE('',*,*,#1010,.T.);
#1459=ORIENTED_EDGE('',*,*,#1008,.T.);
#1460=ORIENTED_EDGE('',*,*,#1006,.T.);
#1461=PLANE('',#1665);
#1462=PLANE('',#1666);
#1463=PLANE('',#1667);
#1464=PLANE('',#1668);
#1465=PLANE('',#1669);
#1466=PLANE('',#1670);
#1467=PLANE('',#1671);
#1468=PLANE('',#1672);
#1469=PLANE('',#1673);
#1470=PLANE('',#1674);
#1471=PLANE('',#1675);
#1472=PLANE('',#1676);
#1473=PLANE('',#1677);
#1474=PLANE('',#1678);
#1475=PLANE('',#1679);
#1476=PLANE('',#1680);
#1477=PLANE('',#1681);
#1478=PLANE('',#1682);
#1479=PLANE('',#1683);
#1480=PLANE('',#1684);
#1481=PLANE('',#1685);
#1482=PLANE('',#1686);
#1483=PLANE('',#1687);
#1484=PLANE('',#1688);
#1485=PLANE('',#1689);
#1486=PLANE('',#1690);
#1487=PLANE('',#1691);
#1488=PLANE('',#1692);
#1489=PLANE('',#1693);
#1490=PLANE('',#1694);
#1491=PLANE('',#1695);
#1492=PLANE('',#1696);
#1493=PLANE('',#1697);
#1494=PLANE('',#1698);
#1495=PLANE('',#1699);
#1496=PLANE('',#1700);
#1497=PLANE('',#1701);
#1498=PLANE('',#1702);
#1499=PLANE('',#1703);
#1500=PLANE('',#1704);
#1501=PLANE('',#1705);
#1502=PLANE('',#1706);
#1503=PLANE('',#1707);
#1504=PLANE('',#1708);
#1505=PLANE('',#1709);
#1506=PLANE('',#1710);
#1507=PLANE('',#1711);
#1508=PLANE('',#1712);
#1509=PLANE('',#1714);
#1510=PLANE('',#1715);
#1511=PLANE('',#1716);
#1512=PLANE('',#1717);
#1513=PLANE('',#1718);
#1514=PLANE('',#1719);
#1515=PLANE('',#1720);
#1516=PLANE('',#1721);
#1517=PLANE('',#1722);
#1518=PLANE('',#1723);
#1519=PLANE('',#1724);
#1520=PLANE('',#1725);
#1521=PLANE('',#1726);
#1522=PLANE('',#1727);
#1523=PLANE('',#1728);
#1524=PLANE('',#1729);
#1525=PLANE('',#1730);
#1526=PLANE('',#1731);
#1527=PLANE('',#1732);
#1528=PLANE('',#1733);
#1529=PLANE('',#1734);
#1530=PLANE('',#1735);
#1531=PLANE('',#1736);
#1532=PLANE('',#1737);
#1533=PLANE('',#1738);
#1534=PLANE('',#1739);
#1535=PLANE('',#1740);
#1536=PLANE('',#1741);
#1537=PLANE('',#1742);
#1538=PLANE('',#1743);
#1539=PLANE('',#1744);
#1540=PLANE('',#1745);
#1541=PLANE('',#1746);
#1542=PLANE('',#1747);
#1543=PLANE('',#1748);
#1544=PLANE('',#1749);
#1545=PLANE('',#1750);
#1546=PLANE('',#1751);
#1547=ADVANCED_FACE('',(#53),#1461,.T.);
#1548=ADVANCED_FACE('',(#54),#1462,.T.);
#1549=ADVANCED_FACE('',(#55),#1463,.T.);
#1550=ADVANCED_FACE('',(#56),#1464,.T.);
#1551=ADVANCED_FACE('',(#57),#1465,.T.);
#1552=ADVANCED_FACE('',(#58),#1466,.T.);
#1553=ADVANCED_FACE('',(#59),#1467,.T.);
#1554=ADVANCED_FACE('',(#60),#1468,.T.);
#1555=ADVANCED_FACE('',(#61),#1469,.T.);
#1556=ADVANCED_FACE('',(#62),#1470,.T.);
#1557=ADVANCED_FACE('',(#63),#1471,.T.);
#1558=ADVANCED_FACE('',(#64),#1472,.T.);
#1559=ADVANCED_FACE('',(#65),#1473,.T.);
#1560=ADVANCED_FACE('',(#66),#1474,.T.);
#1561=ADVANCED_FACE('',(#67),#1475,.T.);
#1562=ADVANCED_FACE('',(#68),#1476,.T.);
#1563=ADVANCED_FACE('',(#69),#1477,.T.);
#1564=ADVANCED_FACE('',(#70),#1478,.T.);
#1565=ADVANCED_FACE('',(#71),#1479,.T.);
#1566=ADVANCED_FACE('',(#72),#1480,.T.);
#1567=ADVANCED_FACE('',(#73),#1481,.T.);
#1568=ADVANCED_FACE('',(#74),#1482,.T.);
#1569=ADVANCED_FACE('',(#75),#1483,.T.);
#1570=ADVANCED_FACE('',(#76),#1484,.T.);
#1571=ADVANCED_FACE('',(#77),#1485,.T.);
#1572=ADVANCED_FACE('',(#78),#1486,.T.);
#1573=ADVANCED_FACE('',(#79),#1487,.T.);
#1574=ADVANCED_FACE('',(#80),#1488,.T.);
#1575=ADVANCED_FACE('',(#81),#1489,.T.);
#1576=ADVANCED_FACE('',(#82),#1490,.T.);
#1577=ADVANCED_FACE('',(#83),#1491,.T.);
#1578=ADVANCED_FACE('',(#84),#1492,.T.);
#1579=ADVANCED_FACE('',(#85),#1493,.T.);
#1580=ADVANCED_FACE('',(#86),#1494,.T.);
#1581=ADVANCED_FACE('',(#87),#1495,.T.);
#1582=ADVANCED_FACE('',(#88),#1496,.T.);
#1583=ADVANCED_FACE('',(#89),#1497,.T.);
#1584=ADVANCED_FACE('',(#90),#1498,.T.);
#1585=ADVANCED_FACE('',(#91),#1499,.T.);
#1586=ADVANCED_FACE('',(#92),#1500,.T.);
#1587=ADVANCED_FACE('',(#93),#1501,.T.);
#1588=ADVANCED_FACE('',(#94),#1502,.T.);
#1589=ADVANCED_FACE('',(#95),#1503,.T.);
#1590=ADVANCED_FACE('',(#96),#1504,.T.);
#1591=ADVANCED_FACE('',(#97),#1505,.T.);
#1592=ADVANCED_FACE('',(#98),#1506,.T.);
#1593=ADVANCED_FACE('',(#99),#1507,.T.);
#1594=ADVANCED_FACE('',(#100),#1508,.T.);
#1595=ADVANCED_FACE('',(#101),#1509,.T.);
#1596=ADVANCED_FACE('',(#102),#1510,.T.);
#1597=ADVANCED_FACE('',(#103),#1511,.T.);
#1598=ADVANCED_FACE('',(#104),#1512,.T.);
#1599=ADVANCED_FACE('',(#105),#1513,.T.);
#1600=ADVANCED_FACE('',(#106),#1514,.T.);
#1601=ADVANCED_FACE('',(#107),#1515,.T.);
#1602=ADVANCED_FACE('',(#108),#1516,.T.);
#1603=ADVANCED_FACE('',(#109),#1517,.T.);
#1604=ADVANCED_FACE('',(#110),#1518,.T.);
#1605=ADVANCED_FACE('',(#111),#1519,.T.);
#1606=ADVANCED_FACE('',(#112),#1520,.T.);
#1607=ADVANCED_FACE('',(#113),#1521,.T.);
#1608=ADVANCED_FACE('',(#114),#1522,.T.);
#1609=ADVANCED_FACE('',(#115),#1523,.T.);
#1610=ADVANCED_FACE('',(#116),#1524,.T.);
#1611=ADVANCED_FACE('',(#117),#1525,.T.);
#1612=ADVANCED_FACE('',(#118),#1526,.T.);
#1613=ADVANCED_FACE('',(#119),#1527,.T.);
#1614=ADVANCED_FACE('',(#120),#1528,.T.);
#1615=ADVANCED_FACE('',(#121),#1529,.T.);
#1616=ADVANCED_FACE('',(#122),#1530,.T.);
#1617=ADVANCED_FACE('',(#123),#1531,.T.);
#1618=ADVANCED_FACE('',(#124),#1532,.T.);
#1619=ADVANCED_FACE('',(#125,#22,#23,#24,#25,#26,#27),#1533,.T.);
#1620=ADVANCED_FACE('',(#126,#28,#29,#30,#31,#32,#33),#1534,.T.);
#1621=ADVANCED_FACE('',(#127),#1535,.T.);
#1622=ADVANCED_FACE('',(#128),#1536,.T.);
#1623=ADVANCED_FACE('',(#129),#1537,.T.);
#1624=ADVANCED_FACE('',(#130),#1538,.T.);
#1625=ADVANCED_FACE('',(#131),#1539,.T.);
#1626=ADVANCED_FACE('',(#132),#1540,.T.);
#1627=ADVANCED_FACE('',(#133),#1541,.T.);
#1628=ADVANCED_FACE('',(#134),#1542,.T.);
#1629=ADVANCED_FACE('',(#135),#1543,.T.);
#1630=ADVANCED_FACE('',(#136),#1544,.T.);
#1631=ADVANCED_FACE('',(#137),#1545,.T.);
#1632=ADVANCED_FACE('',(#138),#1546,.T.);
#1633=CLOSED_SHELL('',(#1547,#1548,#1549,#1550,#1551,#1552,#1553,#1554));
#1634=CLOSED_SHELL('',(#1555,#1556,#1557,#1558,#1559,#1560,#1561,#1562));
#1635=CLOSED_SHELL('',(#1563,#1564,#1565,#1566,#1567,#1568,#1569,#1570));
#1636=CLOSED_SHELL('',(#1571,#1572,#1573,#1574,#1575,#1576,#1577,#1578));
#1637=CLOSED_SHELL('',(#1579,#1580,#1581,#1582,#1583,#1584,#1585,#1586));
#1638=CLOSED_SHELL('',(#1587,#1588,#1589,#1590,#1591,#1592,#1593,#1594));
#1639=CLOSED_SHELL('',(#1595,#1596,#1597,#1598,#1599,#1600,#1601,#1602,
#1603,#1604,#1605,#1606,#1607,#1608,#1609,#1610,#1611,#1612,#1613,#1614,
#1615,#1616,#1617,#1618,#1619,#1620,#1621,#1622,#1623,#1624,#1625,#1626,
#1627,#1628,#1629,#1630,#1631,#1632));
#1640=DERIVED_UNIT_ELEMENT(#1644,1.);
#1641=DERIVED_UNIT_ELEMENT(#2616,3.);
#1642=DERIVED_UNIT_ELEMENT(#1644,1.);
#1643=DERIVED_UNIT_ELEMENT(#2616,3.);
#1644=(
MASS_UNIT()
NAMED_UNIT(*)
SI_UNIT(.KILO.,.GRAM.)
);
#1645=DERIVED_UNIT((#1640,#1641));
#1646=DERIVED_UNIT((#1642,#1643));
#1647=MEASURE_REPRESENTATION_ITEM('density measure',
POSITIVE_RATIO_MEASURE(7850.),#1645);
#1648=MEASURE_REPRESENTATION_ITEM('density measure',
POSITIVE_RATIO_MEASURE(7850.),#1646);
#1649=PROPERTY_DEFINITION_REPRESENTATION(#1659,#1653);
#1650=PROPERTY_DEFINITION_REPRESENTATION(#1660,#1654);
#1651=PROPERTY_DEFINITION_REPRESENTATION(#1661,#1655);
#1652=PROPERTY_DEFINITION_REPRESENTATION(#1662,#1656);
#1653=REPRESENTATION('material name',(#1657),#2612);
#1654=REPRESENTATION('density',(#1647),#2612);
#1655=REPRESENTATION('material name',(#1658),#2613);
#1656=REPRESENTATION('density',(#1648),#2613);
#1657=DESCRIPTIVE_REPRESENTATION_ITEM('Stahl','Stahl');
#1658=DESCRIPTIVE_REPRESENTATION_ITEM('Stahl','Stahl');
#1659=PROPERTY_DEFINITION('material property','material name',#2632);
#1660=PROPERTY_DEFINITION('material property','density of part',#2632);
#1661=PROPERTY_DEFINITION('material property','material name',#2633);
#1662=PROPERTY_DEFINITION('material property','density of part',#2633);
#1663=AXIS2_PLACEMENT_3D('placement',#2155,#1755,#1756);
#1664=AXIS2_PLACEMENT_3D('placement',#2156,#1757,#1758);
#1665=AXIS2_PLACEMENT_3D('',#2157,#1759,#1760);
#1666=AXIS2_PLACEMENT_3D('',#2166,#1765,#1766);
#1667=AXIS2_PLACEMENT_3D('',#2172,#1770,#1771);
#1668=AXIS2_PLACEMENT_3D('',#2178,#1775,#1776);
#1669=AXIS2_PLACEMENT_3D('',#2184,#1780,#1781);
#1670=AXIS2_PLACEMENT_3D('',#2188,#1784,#1785);
#1671=AXIS2_PLACEMENT_3D('',#2192,#1788,#1789);
#1672=AXIS2_PLACEMENT_3D('',#2194,#1791,#1792);
#1673=AXIS2_PLACEMENT_3D('',#2195,#1793,#1794);
#1674=AXIS2_PLACEMENT_3D('',#2204,#1799,#1800);
#1675=AXIS2_PLACEMENT_3D('',#2210,#1804,#1805);
#1676=AXIS2_PLACEMENT_3D('',#2216,#1809,#1810);
#1677=AXIS2_PLACEMENT_3D('',#2222,#1814,#1815);
#1678=AXIS2_PLACEMENT_3D('',#2226,#1818,#1819);
#1679=AXIS2_PLACEMENT_3D('',#2230,#1822,#1823);
#1680=AXIS2_PLACEMENT_3D('',#2232,#1825,#1826);
#1681=AXIS2_PLACEMENT_3D('',#2233,#1827,#1828);
#1682=AXIS2_PLACEMENT_3D('',#2242,#1833,#1834);
#1683=AXIS2_PLACEMENT_3D('',#2248,#1838,#1839);
#1684=AXIS2_PLACEMENT_3D('',#2254,#1843,#1844);
#1685=AXIS2_PLACEMENT_3D('',#2260,#1848,#1849);
#1686=AXIS2_PLACEMENT_3D('',#2264,#1852,#1853);
#1687=AXIS2_PLACEMENT_3D('',#2268,#1856,#1857);
#1688=AXIS2_PLACEMENT_3D('',#2270,#1859,#1860);
#1689=AXIS2_PLACEMENT_3D('',#2271,#1861,#1862);
#1690=AXIS2_PLACEMENT_3D('',#2280,#1867,#1868);
#1691=AXIS2_PLACEMENT_3D('',#2286,#1872,#1873);
#1692=AXIS2_PLACEMENT_3D('',#2292,#1877,#1878);
#1693=AXIS2_PLACEMENT_3D('',#2298,#1882,#1883);
#1694=AXIS2_PLACEMENT_3D('',#2302,#1886,#1887);
#1695=AXIS2_PLACEMENT_3D('',#2306,#1890,#1891);
#1696=AXIS2_PLACEMENT_3D('',#2308,#1893,#1894);
#1697=AXIS2_PLACEMENT_3D('',#2309,#1895,#1896);
#1698=AXIS2_PLACEMENT_3D('',#2318,#1901,#1902);
#1699=AXIS2_PLACEMENT_3D('',#2324,#1906,#1907);
#1700=AXIS2_PLACEMENT_3D('',#2330,#1911,#1912);
#1701=AXIS2_PLACEMENT_3D('',#2336,#1916,#1917);
#1702=AXIS2_PLACEMENT_3D('',#2340,#1920,#1921);
#1703=AXIS2_PLACEMENT_3D('',#2344,#1924,#1925);
#1704=AXIS2_PLACEMENT_3D('',#2346,#1927,#1928);
#1705=AXIS2_PLACEMENT_3D('',#2347,#1929,#1930);
#1706=AXIS2_PLACEMENT_3D('',#2356,#1935,#1936);
#1707=AXIS2_PLACEMENT_3D('',#2362,#1940,#1941);
#1708=AXIS2_PLACEMENT_3D('',#2368,#1945,#1946);
#1709=AXIS2_PLACEMENT_3D('',#2374,#1950,#1951);
#1710=AXIS2_PLACEMENT_3D('',#2378,#1954,#1955);
#1711=AXIS2_PLACEMENT_3D('',#2382,#1958,#1959);
#1712=AXIS2_PLACEMENT_3D('',#2384,#1961,#1962);
#1713=AXIS2_PLACEMENT_3D('placement',#2385,#1963,#1964);
#1714=AXIS2_PLACEMENT_3D('',#2386,#1965,#1966);
#1715=AXIS2_PLACEMENT_3D('',#2395,#1971,#1972);
#1716=AXIS2_PLACEMENT_3D('',#2401,#1976,#1977);
#1717=AXIS2_PLACEMENT_3D('',#2407,#1981,#1982);
#1718=AXIS2_PLACEMENT_3D('',#2410,#1985,#1986);
#1719=AXIS2_PLACEMENT_3D('',#2419,#1991,#1992);
#1720=AXIS2_PLACEMENT_3D('',#2425,#1996,#1997);
#1721=AXIS2_PLACEMENT_3D('',#2431,#2001,#2002);
#1722=AXIS2_PLACEMENT_3D('',#2434,#2005,#2006);
#1723=AXIS2_PLACEMENT_3D('',#2443,#2011,#2012);
#1724=AXIS2_PLACEMENT_3D('',#2449,#2016,#2017);
#1725=AXIS2_PLACEMENT_3D('',#2455,#2021,#2022);
#1726=AXIS2_PLACEMENT_3D('',#2458,#2025,#2026);
#1727=AXIS2_PLACEMENT_3D('',#2467,#2031,#2032);
#1728=AXIS2_PLACEMENT_3D('',#2473,#2036,#2037);
#1729=AXIS2_PLACEMENT_3D('',#2479,#2041,#2042);
#1730=AXIS2_PLACEMENT_3D('',#2482,#2045,#2046);
#1731=AXIS2_PLACEMENT_3D('',#2491,#2051,#2052);
#1732=AXIS2_PLACEMENT_3D('',#2497,#2056,#2057);
#1733=AXIS2_PLACEMENT_3D('',#2503,#2061,#2062);
#1734=AXIS2_PLACEMENT_3D('',#2506,#2065,#2066);
#1735=AXIS2_PLACEMENT_3D('',#2515,#2071,#2072);
#1736=AXIS2_PLACEMENT_3D('',#2521,#2076,#2077);
#1737=AXIS2_PLACEMENT_3D('',#2527,#2081,#2082);
#1738=AXIS2_PLACEMENT_3D('',#2530,#2085,#2086);
#1739=AXIS2_PLACEMENT_3D('',#2547,#2095,#2096);
#1740=AXIS2_PLACEMENT_3D('',#2556,#2101,#2102);
#1741=AXIS2_PLACEMENT_3D('',#2562,#2106,#2107);
#1742=AXIS2_PLACEMENT_3D('',#2566,#2110,#2111);
#1743=AXIS2_PLACEMENT_3D('',#2570,#2114,#2115);
#1744=AXIS2_PLACEMENT_3D('',#2574,#2118,#2119);
#1745=AXIS2_PLACEMENT_3D('',#2578,#2122,#2123);
#1746=AXIS2_PLACEMENT_3D('',#2582,#2126,#2127);
#1747=AXIS2_PLACEMENT_3D('',#2586,#2130,#2131);
#1748=AXIS2_PLACEMENT_3D('',#2593,#2136,#2137);
#1749=AXIS2_PLACEMENT_3D('',#2597,#2140,#2141);
#1750=AXIS2_PLACEMENT_3D('',#2601,#2144,#2145);
#1751=AXIS2_PLACEMENT_3D('',#2603,#2147,#2148);
#1752=AXIS2_PLACEMENT_3D('',#2604,#2149,#2150);
#1753=AXIS2_PLACEMENT_3D('',#2605,#2151,#2152);
#1754=AXIS2_PLACEMENT_3D('',#2606,#2153,#2154);
#1755=DIRECTION('axis',(0.,0.,1.));
#1756=DIRECTION('refdir',(1.,0.,0.));
#1757=DIRECTION('axis',(0.,0.,1.));
#1758=DIRECTION('refdir',(1.,0.,0.));
#1759=DIRECTION('center_axis',(1.,0.,0.));
#1760=DIRECTION('ref_axis',(0.,0.,1.));
#1761=DIRECTION('',(0.,0.,-1.));
#1762=DIRECTION('',(0.,-1.,0.));
#1763=DIRECTION('',(0.,0.,1.));
#1764=DIRECTION('',(0.,-1.,0.));
#1765=DIRECTION('center_axis',(0.,-1.,0.));
#1766=DIRECTION('ref_axis',(0.,0.,-1.));
#1767=DIRECTION('',(1.,0.,0.));
#1768=DIRECTION('',(-1.,-2.13523496887475E-15,0.));
#1769=DIRECTION('',(0.,2.13523496887474E-15,-1.));
#1770=DIRECTION('center_axis',(-1.,0.,0.));
#1771=DIRECTION('ref_axis',(0.,0.,1.));
#1772=DIRECTION('',(0.,-1.,0.));
#1773=DIRECTION('',(0.,0.,-1.));
#1774=DIRECTION('',(0.,-1.,0.));
#1775=DIRECTION('center_axis',(0.,1.,0.));
#1776=DIRECTION('ref_axis',(0.,0.,1.));
#1777=DIRECTION('',(-1.,0.,0.));
#1778=DIRECTION('',(0.,0.,1.));
#1779=DIRECTION('',(1.,0.,0.));
#1780=DIRECTION('center_axis',(0.,0.,-1.));
#1781=DIRECTION('ref_axis',(0.,1.,0.));
#1782=DIRECTION('',(0.,1.,0.));
#1783=DIRECTION('',(1.,0.,0.));
#1784=DIRECTION('center_axis',(0.,-1.,0.));
#1785=DIRECTION('ref_axis',(0.,0.,-1.));
#1786=DIRECTION('',(0.,0.,-1.));
#1787=DIRECTION('',(1.,0.,0.));
#1788=DIRECTION('center_axis',(0.,0.,1.));
#1789=DIRECTION('ref_axis',(0.,-1.,0.));
#1790=DIRECTION('',(0.,-1.,0.));
#1791=DIRECTION('center_axis',(1.,0.,0.));
#1792=DIRECTION('ref_axis',(0.,0.,-1.));
#1793=DIRECTION('center_axis',(1.,0.,0.));
#1794=DIRECTION('ref_axis',(0.,0.,1.));
#1795=DIRECTION('',(0.,0.,-1.));
#1796=DIRECTION('',(0.,-1.,0.));
#1797=DIRECTION('',(0.,0.,1.));
#1798=DIRECTION('',(0.,-1.,0.));
#1799=DIRECTION('center_axis',(0.,-1.,0.));
#1800=DIRECTION('ref_axis',(0.,0.,-1.));
#1801=DIRECTION('',(1.,0.,0.));
#1802=DIRECTION('',(-1.,0.,0.));
#1803=DIRECTION('',(0.,0.,-1.));
#1804=DIRECTION('center_axis',(-1.,0.,0.));
#1805=DIRECTION('ref_axis',(0.,0.,1.));
#1806=DIRECTION('',(0.,-1.,0.));
#1807=DIRECTION('',(0.,0.,-1.));
#1808=DIRECTION('',(0.,-1.,0.));
#1809=DIRECTION('center_axis',(0.,0.,1.));
#1810=DIRECTION('ref_axis',(0.,-1.,0.));
#1811=DIRECTION('',(-1.,0.,0.));
#1812=DIRECTION('',(0.,-1.,0.));
#1813=DIRECTION('',(1.,0.,0.));
#1814=DIRECTION('center_axis',(0.,1.,0.));
#1815=DIRECTION('ref_axis',(0.,0.,1.));
#1816=DIRECTION('',(0.,0.,1.));
#1817=DIRECTION('',(1.,0.,0.));
#1818=DIRECTION('center_axis',(0.,0.,-1.));
#1819=DIRECTION('ref_axis',(0.,1.,0.));
#1820=DIRECTION('',(0.,1.,0.));
#1821=DIRECTION('',(1.,0.,0.));
#1822=DIRECTION('center_axis',(0.,-1.,0.));
#1823=DIRECTION('ref_axis',(0.,0.,-1.));
#1824=DIRECTION('',(0.,0.,-1.));
#1825=DIRECTION('center_axis',(1.,0.,0.));
#1826=DIRECTION('ref_axis',(0.,0.,-1.));
#1827=DIRECTION('center_axis',(1.,0.,0.));
#1828=DIRECTION('ref_axis',(0.,0.,1.));
#1829=DIRECTION('',(0.,0.,-1.));
#1830=DIRECTION('',(0.,-1.,0.));
#1831=DIRECTION('',(0.,0.,1.));
#1832=DIRECTION('',(0.,-1.,0.));
#1833=DIRECTION('center_axis',(0.,-1.,0.));
#1834=DIRECTION('ref_axis',(0.,0.,-1.));
#1835=DIRECTION('',(0.,0.,-1.));
#1836=DIRECTION('',(1.,0.,0.));
#1837=DIRECTION('',(-1.,0.,0.));
#1838=DIRECTION('center_axis',(-1.,0.,0.));
#1839=DIRECTION('ref_axis',(0.,0.,1.));
#1840=DIRECTION('',(0.,-1.,0.));
#1841=DIRECTION('',(0.,0.,-1.));
#1842=DIRECTION('',(0.,-1.,0.));
#1843=DIRECTION('center_axis',(0.,0.,1.));
#1844=DIRECTION('ref_axis',(0.,-1.,0.));
#1845=DIRECTION('',(-1.,0.,0.));
#1846=DIRECTION('',(0.,-1.,0.));
#1847=DIRECTION('',(1.,0.,0.));
#1848=DIRECTION('center_axis',(0.,1.,0.));
#1849=DIRECTION('ref_axis',(0.,0.,1.));
#1850=DIRECTION('',(0.,0.,1.));
#1851=DIRECTION('',(1.,0.,0.));
#1852=DIRECTION('center_axis',(0.,0.,-1.));
#1853=DIRECTION('ref_axis',(0.,1.,0.));
#1854=DIRECTION('',(0.,1.,0.));
#1855=DIRECTION('',(1.,0.,0.));
#1856=DIRECTION('center_axis',(0.,-1.,0.));
#1857=DIRECTION('ref_axis',(0.,0.,-1.));
#1858=DIRECTION('',(0.,0.,-1.));
#1859=DIRECTION('center_axis',(1.,0.,0.));
#1860=DIRECTION('ref_axis',(0.,0.,-1.));
#1861=DIRECTION('center_axis',(1.,0.,0.));
#1862=DIRECTION('ref_axis',(0.,0.,1.));
#1863=DIRECTION('',(0.,0.,-1.));
#1864=DIRECTION('',(0.,-1.,0.));
#1865=DIRECTION('',(0.,0.,1.));
#1866=DIRECTION('',(0.,-1.,0.));
#1867=DIRECTION('center_axis',(0.,-1.,0.));
#1868=DIRECTION('ref_axis',(0.,0.,-1.));
#1869=DIRECTION('',(-1.,0.,0.));
#1870=DIRECTION('',(0.,0.,-1.));
#1871=DIRECTION('',(1.,0.,0.));
#1872=DIRECTION('center_axis',(0.,-1.,0.));
#1873=DIRECTION('ref_axis',(0.,0.,-1.));
#1874=DIRECTION('',(1.,0.,0.));
#1875=DIRECTION('',(0.,0.,-1.));
#1876=DIRECTION('',(-1.,0.,0.));
#1877=DIRECTION('center_axis',(-1.,0.,0.));
#1878=DIRECTION('ref_axis',(0.,0.,1.));
#1879=DIRECTION('',(0.,-1.,0.));
#1880=DIRECTION('',(0.,0.,-1.));
#1881=DIRECTION('',(0.,-1.,0.));
#1882=DIRECTION('center_axis',(0.,0.,1.));
#1883=DIRECTION('ref_axis',(0.,-1.,0.));
#1884=DIRECTION('',(0.,-1.,0.));
#1885=DIRECTION('',(1.,0.,0.));
#1886=DIRECTION('center_axis',(0.,1.,0.));
#1887=DIRECTION('ref_axis',(0.,0.,1.));
#1888=DIRECTION('',(0.,0.,1.));
#1889=DIRECTION('',(1.,0.,0.));
#1890=DIRECTION('center_axis',(0.,0.,-1.));
#1891=DIRECTION('ref_axis',(0.,1.,0.));
#1892=DIRECTION('',(0.,1.,0.));
#1893=DIRECTION('center_axis',(1.,0.,0.));
#1894=DIRECTION('ref_axis',(0.,0.,-1.));
#1895=DIRECTION('center_axis',(1.,0.,0.));
#1896=DIRECTION('ref_axis',(0.,0.,1.));
#1897=DIRECTION('',(0.,0.,-1.));
#1898=DIRECTION('',(0.,-1.,0.));
#1899=DIRECTION('',(0.,0.,1.));
#1900=DIRECTION('',(0.,-1.,0.));
#1901=DIRECTION('center_axis',(0.,-1.,0.));
#1902=DIRECTION('ref_axis',(0.,0.,-1.));
#1903=DIRECTION('',(-1.,0.,0.));
#1904=DIRECTION('',(0.,0.,-1.));
#1905=DIRECTION('',(1.,0.,0.));
#1906=DIRECTION('center_axis',(0.,-1.,0.));
#1907=DIRECTION('ref_axis',(0.,0.,-1.));
#1908=DIRECTION('',(1.,0.,0.));
#1909=DIRECTION('',(0.,0.,-1.));
#1910=DIRECTION('',(-1.,0.,0.));
#1911=DIRECTION('center_axis',(-1.,0.,0.));
#1912=DIRECTION('ref_axis',(0.,0.,1.));
#1913=DIRECTION('',(0.,-1.,0.));
#1914=DIRECTION('',(0.,0.,-1.));
#1915=DIRECTION('',(0.,-1.,0.));
#1916=DIRECTION('center_axis',(0.,0.,1.));
#1917=DIRECTION('ref_axis',(0.,-1.,0.));
#1918=DIRECTION('',(0.,-1.,0.));
#1919=DIRECTION('',(1.,0.,0.));
#1920=DIRECTION('center_axis',(0.,1.,0.));
#1921=DIRECTION('ref_axis',(0.,0.,1.));
#1922=DIRECTION('',(0.,0.,1.));
#1923=DIRECTION('',(1.,0.,0.));
#1924=DIRECTION('center_axis',(0.,0.,-1.));
#1925=DIRECTION('ref_axis',(0.,1.,0.));
#1926=DIRECTION('',(0.,1.,0.));
#1927=DIRECTION('center_axis',(1.,0.,0.));
#1928=DIRECTION('ref_axis',(0.,0.,-1.));
#1929=DIRECTION('center_axis',(1.,0.,0.));
#1930=DIRECTION('ref_axis',(0.,0.,1.));
#1931=DIRECTION('',(0.,0.,-1.));
#1932=DIRECTION('',(0.,-1.,0.));
#1933=DIRECTION('',(0.,0.,1.));
#1934=DIRECTION('',(0.,-1.,0.));
#1935=DIRECTION('center_axis',(0.,-1.,0.));
#1936=DIRECTION('ref_axis',(0.,0.,-1.));
#1937=DIRECTION('',(0.,0.,-1.));
#1938=DIRECTION('',(1.,0.,0.));
#1939=DIRECTION('',(-1.,0.,0.));
#1940=DIRECTION('center_axis',(-1.,0.,0.));
#1941=DIRECTION('ref_axis',(0.,0.,1.));
#1942=DIRECTION('',(0.,-1.,0.));
#1943=DIRECTION('',(0.,0.,-1.));
#1944=DIRECTION('',(0.,-1.,0.));
#1945=DIRECTION('center_axis',(0.,0.,1.));
#1946=DIRECTION('ref_axis',(0.,-1.,0.));
#1947=DIRECTION('',(-1.,0.,0.));
#1948=DIRECTION('',(0.,-1.,0.));
#1949=DIRECTION('',(1.,0.,0.));
#1950=DIRECTION('center_axis',(0.,1.,0.));
#1951=DIRECTION('ref_axis',(0.,0.,1.));
#1952=DIRECTION('',(0.,0.,1.));
#1953=DIRECTION('',(1.,0.,0.));
#1954=DIRECTION('center_axis',(0.,0.,-1.));
#1955=DIRECTION('ref_axis',(0.,1.,0.));
#1956=DIRECTION('',(0.,1.,0.));
#1957=DIRECTION('',(1.,0.,0.));
#1958=DIRECTION('center_axis',(0.,-1.,0.));
#1959=DIRECTION('ref_axis',(0.,0.,-1.));
#1960=DIRECTION('',(0.,0.,-1.));
#1961=DIRECTION('center_axis',(1.,0.,0.));
#1962=DIRECTION('ref_axis',(0.,0.,-1.));
#1963=DIRECTION('axis',(0.,0.,1.));
#1964=DIRECTION('refdir',(1.,0.,0.));
#1965=DIRECTION('center_axis',(0.,0.,-1.));
#1966=DIRECTION('ref_axis',(0.,-1.,0.));
#1967=DIRECTION('',(0.,1.,0.));
#1968=DIRECTION('',(-1.,0.,0.));
#1969=DIRECTION('',(0.,-1.,0.));
#1970=DIRECTION('',(-1.,0.,0.));
#1971=DIRECTION('center_axis',(0.,-1.,0.));
#1972=DIRECTION('ref_axis',(0.,0.,1.));
#1973=DIRECTION('',(0.,0.,-1.));
#1974=DIRECTION('',(0.,0.,1.));
#1975=DIRECTION('',(-1.,0.,0.));
#1976=DIRECTION('center_axis',(0.,0.,1.));
#1977=DIRECTION('ref_axis',(0.,1.,0.));
#1978=DIRECTION('',(0.,-1.,0.));
#1979=DIRECTION('',(0.,1.,0.));
#1980=DIRECTION('',(-1.,0.,0.));
#1981=DIRECTION('center_axis',(0.,1.,0.));
#1982=DIRECTION('ref_axis',(0.,0.,-1.));
#1983=DIRECTION('',(0.,0.,1.));
#1984=DIRECTION('',(0.,0.,-1.));
#1985=DIRECTION('center_axis',(0.,0.,-1.));
#1986=DIRECTION('ref_axis',(0.,-1.,0.));
#1987=DIRECTION('',(0.,1.,0.));
#1988=DIRECTION('',(-1.,0.,0.));
#1989=DIRECTION('',(0.,-1.,0.));
#1990=DIRECTION('',(-1.,0.,0.));
#1991=DIRECTION('center_axis',(0.,-1.,0.));
#1992=DIRECTION('ref_axis',(0.,0.,1.));
#1993=DIRECTION('',(0.,0.,-1.));
#1994=DIRECTION('',(0.,0.,1.));
#1995=DIRECTION('',(-1.,0.,0.));
#1996=DIRECTION('center_axis',(0.,0.,1.));
#1997=DIRECTION('ref_axis',(0.,1.,0.));
#1998=DIRECTION('',(0.,-1.,0.));
#1999=DIRECTION('',(0.,1.,0.));
#2000=DIRECTION('',(-1.,0.,0.));
#2001=DIRECTION('center_axis',(0.,1.,0.));
#2002=DIRECTION('ref_axis',(0.,0.,-1.));
#2003=DIRECTION('',(0.,0.,1.));
#2004=DIRECTION('',(0.,0.,-1.));
#2005=DIRECTION('center_axis',(0.,0.,-1.));
#2006=DIRECTION('ref_axis',(0.,-1.,0.));
#2007=DIRECTION('',(0.,1.,0.));
#2008=DIRECTION('',(-1.,0.,0.));
#2009=DIRECTION('',(0.,-1.,0.));
#2010=DIRECTION('',(-1.,0.,0.));
#2011=DIRECTION('center_axis',(0.,-1.,0.));
#2012=DIRECTION('ref_axis',(0.,0.,1.));
#2013=DIRECTION('',(0.,0.,-1.));
#2014=DIRECTION('',(0.,0.,1.));
#2015=DIRECTION('',(-1.,0.,0.));
#2016=DIRECTION('center_axis',(0.,0.,1.));
#2017=DIRECTION('ref_axis',(0.,1.,0.));
#2018=DIRECTION('',(0.,-1.,0.));
#2019=DIRECTION('',(0.,1.,0.));
#2020=DIRECTION('',(-1.,0.,0.));
#2021=DIRECTION('center_axis',(0.,1.,0.));
#2022=DIRECTION('ref_axis',(0.,0.,-1.));
#2023=DIRECTION('',(0.,0.,1.));
#2024=DIRECTION('',(0.,0.,-1.));
#2025=DIRECTION('center_axis',(0.,0.,-1.));
#2026=DIRECTION('ref_axis',(0.,-1.,0.));
#2027=DIRECTION('',(0.,1.,0.));
#2028=DIRECTION('',(-1.,0.,0.));
#2029=DIRECTION('',(0.,-1.,0.));
#2030=DIRECTION('',(-1.,0.,0.));
#2031=DIRECTION('center_axis',(0.,-1.,0.));
#2032=DIRECTION('ref_axis',(0.,0.,1.));
#2033=DIRECTION('',(0.,0.,-1.));
#2034=DIRECTION('',(0.,0.,1.));
#2035=DIRECTION('',(-1.,0.,0.));
#2036=DIRECTION('center_axis',(0.,0.,1.));
#2037=DIRECTION('ref_axis',(0.,1.,0.));
#2038=DIRECTION('',(0.,-1.,0.));
#2039=DIRECTION('',(0.,1.,0.));
#2040=DIRECTION('',(-1.,0.,0.));
#2041=DIRECTION('center_axis',(0.,1.,0.));
#2042=DIRECTION('ref_axis',(0.,0.,-1.));
#2043=DIRECTION('',(0.,0.,1.));
#2044=DIRECTION('',(0.,0.,-1.));
#2045=DIRECTION('center_axis',(0.,-1.,0.));
#2046=DIRECTION('ref_axis',(0.,0.,1.));
#2047=DIRECTION('',(0.,0.,-1.));
#2048=DIRECTION('',(-1.,0.,0.));
#2049=DIRECTION('',(0.,0.,1.));
#2050=DIRECTION('',(-1.,0.,0.));
#2051=DIRECTION('center_axis',(0.,0.,1.));
#2052=DIRECTION('ref_axis',(0.,1.,0.));
#2053=DIRECTION('',(0.,-1.,0.));
#2054=DIRECTION('',(0.,1.,0.));
#2055=DIRECTION('',(-1.,0.,0.));
#2056=DIRECTION('center_axis',(0.,1.,0.));
#2057=DIRECTION('ref_axis',(0.,0.,-1.));
#2058=DIRECTION('',(0.,0.,1.));
#2059=DIRECTION('',(0.,0.,-1.));
#2060=DIRECTION('',(-1.,0.,0.));
#2061=DIRECTION('center_axis',(0.,0.,-1.));
#2062=DIRECTION('ref_axis',(0.,-1.,0.));
#2063=DIRECTION('',(0.,1.,0.));
#2064=DIRECTION('',(0.,-1.,0.));
#2065=DIRECTION('center_axis',(0.,0.,-1.));
#2066=DIRECTION('ref_axis',(0.,-1.,0.));
#2067=DIRECTION('',(0.,1.,0.));
#2068=DIRECTION('',(-1.,0.,0.));
#2069=DIRECTION('',(0.,-1.,0.));
#2070=DIRECTION('',(-1.,0.,0.));
#2071=DIRECTION('center_axis',(0.,-1.,0.));
#2072=DIRECTION('ref_axis',(0.,0.,1.));
#2073=DIRECTION('',(0.,0.,-1.));
#2074=DIRECTION('',(0.,0.,1.));
#2075=DIRECTION('',(-1.,0.,0.));
#2076=DIRECTION('center_axis',(0.,0.,1.));
#2077=DIRECTION('ref_axis',(0.,1.,0.));
#2078=DIRECTION('',(0.,-1.,0.));
#2079=DIRECTION('',(0.,1.,0.));
#2080=DIRECTION('',(-1.,0.,0.));
#2081=DIRECTION('center_axis',(0.,1.,0.));
#2082=DIRECTION('ref_axis',(0.,0.,-1.));
#2083=DIRECTION('',(0.,0.,1.));
#2084=DIRECTION('',(0.,0.,-1.));
#2085=DIRECTION('center_axis',(1.,0.,0.));
#2086=DIRECTION('ref_axis',(0.,0.,-1.));
#2087=DIRECTION('',(0.,1.,0.));
#2088=DIRECTION('',(0.,0.,1.));
#2089=DIRECTION('',(0.,-1.,0.));
#2090=DIRECTION('',(0.,0.,1.));
#2091=DIRECTION('',(0.,-1.,0.));
#2092=DIRECTION('',(0.,4.19268513831252E-17,-1.));
#2093=DIRECTION('',(0.,1.,0.));
#2094=DIRECTION('',(0.,0.,1.));
#2095=DIRECTION('center_axis',(-1.,0.,0.));
#2096=DIRECTION('ref_axis',(0.,0.,1.));
#2097=DIRECTION('',(0.,0.,-1.));
#2098=DIRECTION('',(0.,-1.,0.));
#2099=DIRECTION('',(0.,0.,1.));
#2100=DIRECTION('',(0.,1.,0.));
#2101=DIRECTION('center_axis',(0.,0.,-1.));
#2102=DIRECTION('ref_axis',(0.,1.,0.));
#2103=DIRECTION('',(1.,0.,0.));
#2104=DIRECTION('',(0.,1.,0.));
#2105=DIRECTION('',(1.,0.,0.));
#2106=DIRECTION('center_axis',(0.,-1.,0.));
#2107=DIRECTION('ref_axis',(0.,0.,-1.));
#2108=DIRECTION('',(0.,0.,-1.));
#2109=DIRECTION('',(1.,0.,0.));
#2110=DIRECTION('center_axis',(0.,0.,-1.));
#2111=DIRECTION('ref_axis',(0.,1.,0.));
#2112=DIRECTION('',(0.,1.,0.));
#2113=DIRECTION('',(1.,0.,0.));
#2114=DIRECTION('center_axis',(0.,1.,4.19268513831252E-17));
#2115=DIRECTION('ref_axis',(0.,-4.19268513831252E-17,1.));
#2116=DIRECTION('',(0.,-4.19268513831252E-17,1.));
#2117=DIRECTION('',(1.,0.,0.));
#2118=DIRECTION('center_axis',(0.,0.,1.));
#2119=DIRECTION('ref_axis',(0.,-1.,0.));
#2120=DIRECTION('',(0.,-1.,0.));
#2121=DIRECTION('',(1.,0.,0.));
#2122=DIRECTION('center_axis',(0.,-1.,0.));
#2123=DIRECTION('ref_axis',(0.,0.,-1.));
#2124=DIRECTION('',(0.,0.,-1.));
#2125=DIRECTION('',(1.,0.,0.));
#2126=DIRECTION('center_axis',(0.,0.,1.));
#2127=DIRECTION('ref_axis',(0.,-1.,0.));
#2128=DIRECTION('',(0.,-1.,0.));
#2129=DIRECTION('',(1.,0.,0.));
#2130=DIRECTION('center_axis',(0.,1.,0.));
#2131=DIRECTION('ref_axis',(0.,0.,1.));
#2132=DIRECTION('',(0.,0.,1.));
#2133=DIRECTION('',(1.,0.,0.));
#2134=DIRECTION('',(1.,0.,0.));
#2135=DIRECTION('',(0.,0.,1.));
#2136=DIRECTION('center_axis',(0.,0.,-1.));
#2137=DIRECTION('ref_axis',(0.,1.,0.));
#2138=DIRECTION('',(0.,1.,0.));
#2139=DIRECTION('',(1.,0.,0.));
#2140=DIRECTION('center_axis',(0.,-1.,0.));
#2141=DIRECTION('ref_axis',(0.,0.,-1.));
#2142=DIRECTION('',(0.,0.,-1.));
#2143=DIRECTION('',(1.,0.,0.));
#2144=DIRECTION('center_axis',(0.,0.,1.));
#2145=DIRECTION('ref_axis',(0.,-1.,0.));
#2146=DIRECTION('',(0.,-1.,0.));
#2147=DIRECTION('center_axis',(1.,0.,0.));
#2148=DIRECTION('ref_axis',(0.,0.,-1.));
#2149=DIRECTION('',(0.,0.,1.));
#2150=DIRECTION('',(1.,0.,0.));
#2151=DIRECTION('',(0.,0.,1.));
#2152=DIRECTION('',(1.,0.,0.));
#2153=DIRECTION('center_axis',(0.,0.,1.));
#2154=DIRECTION('ref_axis',(1.,0.,0.));
#2155=CARTESIAN_POINT('',(0.,0.,0.));
#2156=CARTESIAN_POINT('',(0.,0.,0.));
#2157=CARTESIAN_POINT('Origin',(-6.92,0.97,-2.84));
#2158=CARTESIAN_POINT('',(-6.92,0.97,-2.24));
#2159=CARTESIAN_POINT('',(-6.92,0.97,-2.84));
#2160=CARTESIAN_POINT('',(-6.92,0.97,-2.54));
#2161=CARTESIAN_POINT('',(-6.92,-7.5,-2.24));
#2162=CARTESIAN_POINT('',(-6.92,0.97,-2.24));
#2163=CARTESIAN_POINT('',(-6.92,-7.5,-2.84));
#2164=CARTESIAN_POINT('',(-6.92,-7.5,-2.24));
#2165=CARTESIAN_POINT('',(-6.92,0.97,-2.84));
#2166=CARTESIAN_POINT('Origin',(-7.22,-7.5,-2.54));
#2167=CARTESIAN_POINT('',(-7.52,-7.5,-2.84));
#2168=CARTESIAN_POINT('',(-6.92,-7.5,-2.84));
#2169=CARTESIAN_POINT('',(-7.52,-7.5,-2.24));
#2170=CARTESIAN_POINT('',(-7.52,-7.5,-2.24));
#2171=CARTESIAN_POINT('',(-7.52,-7.5,-2.84));
#2172=CARTESIAN_POINT('Origin',(-7.5199999475,1.27,-2.54));
#2173=CARTESIAN_POINT('',(-7.5199999475,1.57,-2.24));
#2174=CARTESIAN_POINT('',(-7.52,0.969999999999999,-2.24));
#2175=CARTESIAN_POINT('',(-7.5199999475,1.57,-2.84));
#2176=CARTESIAN_POINT('',(-7.5199999475,1.57,-2.84));
#2177=CARTESIAN_POINT('',(-7.5199999475,0.97,-2.84));
#2178=CARTESIAN_POINT('Origin',(0.,1.57,-2.84));
#2179=CARTESIAN_POINT('',(6.5,1.57,-2.24));
#2180=CARTESIAN_POINT('',(0.,1.57,-2.24));
#2181=CARTESIAN_POINT('',(6.5,1.57,-2.84));
#2182=CARTESIAN_POINT('',(6.5,1.57,-2.84));
#2183=CARTESIAN_POINT('',(0.,1.57,-2.84));
#2184=CARTESIAN_POINT('Origin',(0.,0.97,-2.84));
#2185=CARTESIAN_POINT('',(6.5,0.97,-2.84));
#2186=CARTESIAN_POINT('',(6.5,0.97,-2.84));
#2187=CARTESIAN_POINT('',(0.,0.97,-2.84));
#2188=CARTESIAN_POINT('Origin',(0.,0.97,-2.24));
#2189=CARTESIAN_POINT('',(6.5,0.97,-2.24));
#2190=CARTESIAN_POINT('',(6.5,0.97,-2.24));
#2191=CARTESIAN_POINT('',(0.,0.97,-2.24));
#2192=CARTESIAN_POINT('Origin',(0.,1.57,-2.24));
#2193=CARTESIAN_POINT('',(6.5,1.57,-2.24));
#2194=CARTESIAN_POINT('Origin',(6.5,1.27,-2.54));
#2195=CARTESIAN_POINT('Origin',(-4.38,-1.57,2.24));
#2196=CARTESIAN_POINT('',(-4.38,-1.57,2.84));
#2197=CARTESIAN_POINT('',(-4.38,-1.57,2.24));
#2198=CARTESIAN_POINT('',(-4.38,-1.57,2.54));
#2199=CARTESIAN_POINT('',(-4.38,-7.5,2.84));
#2200=CARTESIAN_POINT('',(-4.38,-1.57,2.84));
#2201=CARTESIAN_POINT('',(-4.38,-7.5,2.24));
#2202=CARTESIAN_POINT('',(-4.38,-7.5,2.84));
#2203=CARTESIAN_POINT('',(-4.38,-1.57,2.24));
#2204=CARTESIAN_POINT('Origin',(-4.68,-7.5,2.54));
#2205=CARTESIAN_POINT('',(-4.98,-7.5,2.24));
#2206=CARTESIAN_POINT('',(-4.38,-7.5,2.24));
#2207=CARTESIAN_POINT('',(-4.98,-7.5,2.84));
#2208=CARTESIAN_POINT('',(-4.98,-7.5,2.84));
#2209=CARTESIAN_POINT('',(-4.98,-7.5,2.24));
#2210=CARTESIAN_POINT('Origin',(-4.98,-1.27,2.54));
#2211=CARTESIAN_POINT('',(-4.98,-0.97,2.84));
#2212=CARTESIAN_POINT('',(-4.98,-1.57,2.84));
#2213=CARTESIAN_POINT('',(-4.98,-0.97,2.24));
#2214=CARTESIAN_POINT('',(-4.98,-0.97,2.24));
#2215=CARTESIAN_POINT('',(-4.98,-1.57,2.24));
#2216=CARTESIAN_POINT('Origin',(0.,-0.97,2.84));
#2217=CARTESIAN_POINT('',(6.5,-1.57,2.84));
#2218=CARTESIAN_POINT('',(0.,-1.57,2.84));
#2219=CARTESIAN_POINT('',(6.5,-0.97,2.84));
#2220=CARTESIAN_POINT('',(6.5,-0.97,2.84));
#2221=CARTESIAN_POINT('',(0.,-0.97,2.84));
#2222=CARTESIAN_POINT('Origin',(0.,-0.97,2.24));
#2223=CARTESIAN_POINT('',(6.5,-0.97,2.24));
#2224=CARTESIAN_POINT('',(6.5,-0.97,2.24));
#2225=CARTESIAN_POINT('',(0.,-0.97,2.24));
#2226=CARTESIAN_POINT('Origin',(0.,-1.57,2.24));
#2227=CARTESIAN_POINT('',(6.5,-1.57,2.24));
#2228=CARTESIAN_POINT('',(6.5,-1.57,2.24));
#2229=CARTESIAN_POINT('',(0.,-1.57,2.24));
#2230=CARTESIAN_POINT('Origin',(0.,-1.57,2.84));
#2231=CARTESIAN_POINT('',(6.5,-1.57,2.84));
#2232=CARTESIAN_POINT('Origin',(6.5,-1.27,2.54));
#2233=CARTESIAN_POINT('Origin',(-6.92,0.97,-0.3));
#2234=CARTESIAN_POINT('',(-6.92,0.97,0.3));
#2235=CARTESIAN_POINT('',(-6.92,0.97,-0.3));
#2236=CARTESIAN_POINT('',(-6.92,0.97,-1.38777878078145E-16));
#2237=CARTESIAN_POINT('',(-6.92,-7.5,0.3));
#2238=CARTESIAN_POINT('',(-6.92,0.97,0.3));
#2239=CARTESIAN_POINT('',(-6.92,-7.5,-0.3));
#2240=CARTESIAN_POINT('',(-6.92,-7.5,-0.3));
#2241=CARTESIAN_POINT('',(-6.92,0.97,-0.3));
#2242=CARTESIAN_POINT('Origin',(-7.22,-7.5,0.));
#2243=CARTESIAN_POINT('',(-7.52,-7.5,0.3));
#2244=CARTESIAN_POINT('',(-7.52,-7.5,-0.3));
#2245=CARTESIAN_POINT('',(-7.52,-7.5,0.3));
#2246=CARTESIAN_POINT('',(-7.52,-7.5,-0.3));
#2247=CARTESIAN_POINT('',(-6.92,-7.5,0.3));
#2248=CARTESIAN_POINT('Origin',(-7.5199999475,1.27,-1.38777878078145E-16));
#2249=CARTESIAN_POINT('',(-7.5199999475,1.57,0.3));
#2250=CARTESIAN_POINT('',(-7.52,0.97,0.3));
#2251=CARTESIAN_POINT('',(-7.5199999475,1.57,-0.3));
#2252=CARTESIAN_POINT('',(-7.5199999475,1.57,-0.3));
#2253=CARTESIAN_POINT('',(-7.5199999475,0.97,-0.3));
#2254=CARTESIAN_POINT('Origin',(0.,1.57,0.3));
#2255=CARTESIAN_POINT('',(6.5,0.97,0.3));
#2256=CARTESIAN_POINT('',(0.,0.97,0.3));
#2257=CARTESIAN_POINT('',(6.5,1.57,0.3));
#2258=CARTESIAN_POINT('',(6.5,1.57,0.3));
#2259=CARTESIAN_POINT('',(0.,1.57,0.3));
#2260=CARTESIAN_POINT('Origin',(0.,1.57,-0.3));
#2261=CARTESIAN_POINT('',(6.5,1.57,-0.3));
#2262=CARTESIAN_POINT('',(6.5,1.57,-0.3));
#2263=CARTESIAN_POINT('',(0.,1.57,-0.3));
#2264=CARTESIAN_POINT('Origin',(0.,0.97,-0.3));
#2265=CARTESIAN_POINT('',(6.5,0.97,-0.3));
#2266=CARTESIAN_POINT('',(6.5,0.97,-0.3));
#2267=CARTESIAN_POINT('',(0.,0.97,-0.3));
#2268=CARTESIAN_POINT('Origin',(0.,0.97,0.3));
#2269=CARTESIAN_POINT('',(6.5,0.97,0.3));
#2270=CARTESIAN_POINT('Origin',(6.5,1.27,-1.38777878078145E-16));
#2271=CARTESIAN_POINT('Origin',(-4.38,-1.57,-2.84));
#2272=CARTESIAN_POINT('',(-4.38,-1.57,-2.24));
#2273=CARTESIAN_POINT('',(-4.38,-1.57,-2.84));
#2274=CARTESIAN_POINT('',(-4.38,-1.57,-2.54));
#2275=CARTESIAN_POINT('',(-4.38,-7.5,-2.24));
#2276=CARTESIAN_POINT('',(-4.38,-1.57,-2.24));
#2277=CARTESIAN_POINT('',(-4.38,-7.5,-2.84));
#2278=CARTESIAN_POINT('',(-4.38,-7.5,-2.24));
#2279=CARTESIAN_POINT('',(-4.38,-1.57,-2.84));
#2280=CARTESIAN_POINT('Origin',(-4.68,-7.5,-2.54));
#2281=CARTESIAN_POINT('',(-4.98,-7.5,-2.24));
#2282=CARTESIAN_POINT('',(-4.98,-7.5,-2.24));
#2283=CARTESIAN_POINT('',(-4.98,-7.5,-2.84));
#2284=CARTESIAN_POINT('',(-4.98,-7.5,-2.84));
#2285=CARTESIAN_POINT('',(-4.38,-7.5,-2.84));
#2286=CARTESIAN_POINT('Origin',(0.,-1.57,-2.24));
#2287=CARTESIAN_POINT('',(6.5,-1.57,-2.84));
#2288=CARTESIAN_POINT('',(0.,-1.57,-2.84));
#2289=CARTESIAN_POINT('',(6.5,-1.57,-2.24));
#2290=CARTESIAN_POINT('',(6.5,-1.57,-2.24));
#2291=CARTESIAN_POINT('',(0.,-1.57,-2.24));
#2292=CARTESIAN_POINT('Origin',(-4.98,-1.27,-2.54));
#2293=CARTESIAN_POINT('',(-4.98,-0.97,-2.24));
#2294=CARTESIAN_POINT('',(-4.98,-1.57,-2.24));
#2295=CARTESIAN_POINT('',(-4.98,-0.97,-2.84));
#2296=CARTESIAN_POINT('',(-4.98,-0.97,-2.84));
#2297=CARTESIAN_POINT('',(-4.98,-1.57,-2.84));
#2298=CARTESIAN_POINT('Origin',(0.,-0.97,-2.24));
#2299=CARTESIAN_POINT('',(6.5,-0.97,-2.24));
#2300=CARTESIAN_POINT('',(6.5,-0.97,-2.24));
#2301=CARTESIAN_POINT('',(0.,-0.97,-2.24));
#2302=CARTESIAN_POINT('Origin',(0.,-0.97,-2.84));
#2303=CARTESIAN_POINT('',(6.5,-0.97,-2.84));
#2304=CARTESIAN_POINT('',(6.5,-0.97,-2.84));
#2305=CARTESIAN_POINT('',(0.,-0.97,-2.84));
#2306=CARTESIAN_POINT('Origin',(0.,-1.57,-2.84));
#2307=CARTESIAN_POINT('',(6.5,-1.57,-2.84));
#2308=CARTESIAN_POINT('Origin',(6.5,-1.27,-2.54));
#2309=CARTESIAN_POINT('Origin',(-4.38,-1.57,-0.3));
#2310=CARTESIAN_POINT('',(-4.38,-1.57,0.3));
#2311=CARTESIAN_POINT('',(-4.38,-1.57,-0.3));
#2312=CARTESIAN_POINT('',(-4.38,-1.57,-1.38777878078145E-16));
#2313=CARTESIAN_POINT('',(-4.38,-7.5,0.3));
#2314=CARTESIAN_POINT('',(-4.38,-1.57,0.3));
#2315=CARTESIAN_POINT('',(-4.38,-7.5,-0.3));
#2316=CARTESIAN_POINT('',(-4.38,-7.5,0.3));
#2317=CARTESIAN_POINT('',(-4.38,-1.57,-0.3));
#2318=CARTESIAN_POINT('Origin',(-4.68,-7.5,0.));
#2319=CARTESIAN_POINT('',(-4.98,-7.5,0.3));
#2320=CARTESIAN_POINT('',(-4.98,-7.5,0.3));
#2321=CARTESIAN_POINT('',(-4.98,-7.5,-0.3));
#2322=CARTESIAN_POINT('',(-4.98,-7.5,-0.3));
#2323=CARTESIAN_POINT('',(-4.38,-7.5,-0.3));
#2324=CARTESIAN_POINT('Origin',(0.,-1.57,0.3));
#2325=CARTESIAN_POINT('',(6.5,-1.57,-0.3));
#2326=CARTESIAN_POINT('',(0.,-1.57,-0.3));
#2327=CARTESIAN_POINT('',(6.5,-1.57,0.3));
#2328=CARTESIAN_POINT('',(6.5,-1.57,0.3));
#2329=CARTESIAN_POINT('',(0.,-1.57,0.3));
#2330=CARTESIAN_POINT('Origin',(-4.98,-1.27,-1.38777878078145E-16));
#2331=CARTESIAN_POINT('',(-4.98,-0.97,0.3));
#2332=CARTESIAN_POINT('',(-4.98,-1.57,0.3));
#2333=CARTESIAN_POINT('',(-4.98,-0.97,-0.3));
#2334=CARTESIAN_POINT('',(-4.98,-0.97,-0.3));
#2335=CARTESIAN_POINT('',(-4.98,-1.57,-0.3));
#2336=CARTESIAN_POINT('Origin',(0.,-0.97,0.3));
#2337=CARTESIAN_POINT('',(6.5,-0.97,0.3));
#2338=CARTESIAN_POINT('',(6.5,-0.97,0.3));
#2339=CARTESIAN_POINT('',(0.,-0.97,0.3));
#2340=CARTESIAN_POINT('Origin',(0.,-0.97,-0.3));
#2341=CARTESIAN_POINT('',(6.5,-0.97,-0.3));
#2342=CARTESIAN_POINT('',(6.5,-0.97,-0.3));
#2343=CARTESIAN_POINT('',(0.,-0.97,-0.3));
#2344=CARTESIAN_POINT('Origin',(0.,-1.57,-0.3));
#2345=CARTESIAN_POINT('',(6.5,-1.57,-0.3));
#2346=CARTESIAN_POINT('Origin',(6.5,-1.27,-1.38777878078145E-16));
#2347=CARTESIAN_POINT('Origin',(-6.92,0.97,2.24));
#2348=CARTESIAN_POINT('',(-6.92,0.97,2.84));
#2349=CARTESIAN_POINT('',(-6.92,0.97,2.24));
#2350=CARTESIAN_POINT('',(-6.92,0.97,2.54));
#2351=CARTESIAN_POINT('',(-6.92,-7.5,2.84));
#2352=CARTESIAN_POINT('',(-6.92,0.97,2.84));
#2353=CARTESIAN_POINT('',(-6.92,-7.5,2.24));
#2354=CARTESIAN_POINT('',(-6.92,-7.5,2.24));
#2355=CARTESIAN_POINT('',(-6.92,0.97,2.24));
#2356=CARTESIAN_POINT('Origin',(-7.22,-7.5,2.54));
#2357=CARTESIAN_POINT('',(-7.52,-7.5,2.84));
#2358=CARTESIAN_POINT('',(-7.52,-7.5,2.24));
#2359=CARTESIAN_POINT('',(-7.52,-7.5,2.84));
#2360=CARTESIAN_POINT('',(-7.52,-7.5,2.24));
#2361=CARTESIAN_POINT('',(-6.92,-7.5,2.84));
#2362=CARTESIAN_POINT('Origin',(-7.5199999475,1.27,2.54));
#2363=CARTESIAN_POINT('',(-7.5199999475,1.57,2.84));
#2364=CARTESIAN_POINT('',(-7.52,0.97,2.84));
#2365=CARTESIAN_POINT('',(-7.5199999475,1.57,2.24));
#2366=CARTESIAN_POINT('',(-7.5199999475,1.57,2.24));
#2367=CARTESIAN_POINT('',(-7.5199999475,0.97,2.24));
#2368=CARTESIAN_POINT('Origin',(0.,1.57,2.84));
#2369=CARTESIAN_POINT('',(6.5,0.97,2.84));
#2370=CARTESIAN_POINT('',(0.,0.97,2.84));
#2371=CARTESIAN_POINT('',(6.5,1.57,2.84));
#2372=CARTESIAN_POINT('',(6.5,1.57,2.84));
#2373=CARTESIAN_POINT('',(0.,1.57,2.84));
#2374=CARTESIAN_POINT('Origin',(0.,1.57,2.24));
#2375=CARTESIAN_POINT('',(6.5,1.57,2.24));
#2376=CARTESIAN_POINT('',(6.5,1.57,2.24));
#2377=CARTESIAN_POINT('',(0.,1.57,2.24));
#2378=CARTESIAN_POINT('Origin',(0.,0.97,2.24));
#2379=CARTESIAN_POINT('',(6.5,0.97,2.24));
#2380=CARTESIAN_POINT('',(6.5,0.97,2.24));
#2381=CARTESIAN_POINT('',(0.,0.97,2.24));
#2382=CARTESIAN_POINT('Origin',(0.,0.97,2.84));
#2383=CARTESIAN_POINT('',(6.5,0.97,2.84));
#2384=CARTESIAN_POINT('Origin',(6.5,1.27,2.54));
#2385=CARTESIAN_POINT('',(0.,0.,0.));
#2386=CARTESIAN_POINT('Origin',(0.,1.57,0.3));
#2387=CARTESIAN_POINT('',(0.,0.97,0.3));
#2388=CARTESIAN_POINT('',(0.,1.57,0.3));
#2389=CARTESIAN_POINT('',(0.,1.57,0.3));
#2390=CARTESIAN_POINT('',(-2.5,0.97,0.3));
#2391=CARTESIAN_POINT('',(0.,0.97,0.3));
#2392=CARTESIAN_POINT('',(-2.5,1.57,0.3));
#2393=CARTESIAN_POINT('',(-2.5,1.57,0.3));
#2394=CARTESIAN_POINT('',(0.,1.57,0.3));
#2395=CARTESIAN_POINT('Origin',(0.,1.57,-0.3));
#2396=CARTESIAN_POINT('',(0.,1.57,-0.3));
#2397=CARTESIAN_POINT('',(0.,1.57,-0.3));
#2398=CARTESIAN_POINT('',(-2.5,1.57,-0.3));
#2399=CARTESIAN_POINT('',(-2.5,1.57,-0.3));
#2400=CARTESIAN_POINT('',(0.,1.57,-0.3));
#2401=CARTESIAN_POINT('Origin',(0.,0.97,-0.3));
#2402=CARTESIAN_POINT('',(0.,0.97,-0.3));
#2403=CARTESIAN_POINT('',(0.,0.97,-0.3));
#2404=CARTESIAN_POINT('',(-2.5,0.97,-0.3));
#2405=CARTESIAN_POINT('',(-2.5,0.97,-0.3));
#2406=CARTESIAN_POINT('',(0.,0.97,-0.3));
#2407=CARTESIAN_POINT('Origin',(0.,0.97,0.3));
#2408=CARTESIAN_POINT('',(0.,0.97,0.3));
#2409=CARTESIAN_POINT('',(-2.5,0.97,0.3));
#2410=CARTESIAN_POINT('Origin',(0.,1.57,2.84));
#2411=CARTESIAN_POINT('',(0.,0.97,2.84));
#2412=CARTESIAN_POINT('',(0.,1.57,2.84));
#2413=CARTESIAN_POINT('',(0.,1.57,2.84));
#2414=CARTESIAN_POINT('',(-2.5,0.97,2.84));
#2415=CARTESIAN_POINT('',(0.,0.97,2.84));
#2416=CARTESIAN_POINT('',(-2.5,1.57,2.84));
#2417=CARTESIAN_POINT('',(-2.5,1.57,2.84));
#2418=CARTESIAN_POINT('',(0.,1.57,2.84));
#2419=CARTESIAN_POINT('Origin',(0.,1.57,2.24));
#2420=CARTESIAN_POINT('',(0.,1.57,2.24));
#2421=CARTESIAN_POINT('',(0.,1.57,2.24));
#2422=CARTESIAN_POINT('',(-2.5,1.57,2.24));
#2423=CARTESIAN_POINT('',(-2.5,1.57,2.24));
#2424=CARTESIAN_POINT('',(0.,1.57,2.24));
#2425=CARTESIAN_POINT('Origin',(0.,0.97,2.24));
#2426=CARTESIAN_POINT('',(0.,0.97,2.24));
#2427=CARTESIAN_POINT('',(0.,0.97,2.24));
#2428=CARTESIAN_POINT('',(-2.5,0.97,2.24));
#2429=CARTESIAN_POINT('',(-2.5,0.97,2.24));
#2430=CARTESIAN_POINT('',(0.,0.97,2.24));
#2431=CARTESIAN_POINT('Origin',(0.,0.97,2.84));
#2432=CARTESIAN_POINT('',(0.,0.97,2.84));
#2433=CARTESIAN_POINT('',(-2.5,0.97,2.84));
#2434=CARTESIAN_POINT('Origin',(0.,-0.97,2.84));
#2435=CARTESIAN_POINT('',(0.,-1.57,2.84));
#2436=CARTESIAN_POINT('',(0.,-0.97,2.84));
#2437=CARTESIAN_POINT('',(0.,-0.97,2.84));
#2438=CARTESIAN_POINT('',(-2.5,-1.57,2.84));
#2439=CARTESIAN_POINT('',(0.,-1.57,2.84));
#2440=CARTESIAN_POINT('',(-2.5,-0.97,2.84));
#2441=CARTESIAN_POINT('',(-2.5,-0.97,2.84));
#2442=CARTESIAN_POINT('',(0.,-0.97,2.84));
#2443=CARTESIAN_POINT('Origin',(0.,-0.97,2.24));
#2444=CARTESIAN_POINT('',(0.,-0.97,2.24));
#2445=CARTESIAN_POINT('',(0.,-0.97,2.24));
#2446=CARTESIAN_POINT('',(-2.5,-0.97,2.24));
#2447=CARTESIAN_POINT('',(-2.5,-0.97,2.24));
#2448=CARTESIAN_POINT('',(0.,-0.97,2.24));
#2449=CARTESIAN_POINT('Origin',(0.,-1.57,2.24));
#2450=CARTESIAN_POINT('',(0.,-1.57,2.24));
#2451=CARTESIAN_POINT('',(0.,-1.57,2.24));
#2452=CARTESIAN_POINT('',(-2.5,-1.57,2.24));
#2453=CARTESIAN_POINT('',(-2.5,-1.57,2.24));
#2454=CARTESIAN_POINT('',(0.,-1.57,2.24));
#2455=CARTESIAN_POINT('Origin',(0.,-1.57,2.84));
#2456=CARTESIAN_POINT('',(0.,-1.57,2.84));
#2457=CARTESIAN_POINT('',(-2.5,-1.57,2.84));
#2458=CARTESIAN_POINT('Origin',(0.,-0.97,-2.24));
#2459=CARTESIAN_POINT('',(0.,-1.57,-2.24));
#2460=CARTESIAN_POINT('',(0.,-0.97,-2.24));
#2461=CARTESIAN_POINT('',(0.,-0.97,-2.24));
#2462=CARTESIAN_POINT('',(-2.5,-1.57,-2.24));
#2463=CARTESIAN_POINT('',(0.,-1.57,-2.24));
#2464=CARTESIAN_POINT('',(-2.5,-0.97,-2.24));
#2465=CARTESIAN_POINT('',(-2.5,-0.97,-2.24));
#2466=CARTESIAN_POINT('',(0.,-0.97,-2.24));
#2467=CARTESIAN_POINT('Origin',(0.,-0.97,-2.84));
#2468=CARTESIAN_POINT('',(0.,-0.97,-2.84));
#2469=CARTESIAN_POINT('',(0.,-0.97,-2.84));
#2470=CARTESIAN_POINT('',(-2.5,-0.97,-2.84));
#2471=CARTESIAN_POINT('',(-2.5,-0.97,-2.84));
#2472=CARTESIAN_POINT('',(0.,-0.97,-2.84));
#2473=CARTESIAN_POINT('Origin',(0.,-1.57,-2.84));
#2474=CARTESIAN_POINT('',(0.,-1.57,-2.84));
#2475=CARTESIAN_POINT('',(0.,-1.57,-2.84));
#2476=CARTESIAN_POINT('',(-2.5,-1.57,-2.84));
#2477=CARTESIAN_POINT('',(-2.5,-1.57,-2.84));
#2478=CARTESIAN_POINT('',(0.,-1.57,-2.84));
#2479=CARTESIAN_POINT('Origin',(0.,-1.57,-2.24));
#2480=CARTESIAN_POINT('',(0.,-1.57,-2.24));
#2481=CARTESIAN_POINT('',(-2.5,-1.57,-2.24));
#2482=CARTESIAN_POINT('Origin',(0.,1.57,-2.84));
#2483=CARTESIAN_POINT('',(0.,1.57,-2.24));
#2484=CARTESIAN_POINT('',(0.,1.57,-2.84));
#2485=CARTESIAN_POINT('',(0.,1.57,-2.84));
#2486=CARTESIAN_POINT('',(-2.5,1.57,-2.24));
#2487=CARTESIAN_POINT('',(0.,1.57,-2.24));
#2488=CARTESIAN_POINT('',(-2.5,1.57,-2.84));
#2489=CARTESIAN_POINT('',(-2.5,1.57,-2.84));
#2490=CARTESIAN_POINT('',(0.,1.57,-2.84));
#2491=CARTESIAN_POINT('Origin',(0.,0.97,-2.84));
#2492=CARTESIAN_POINT('',(0.,0.97,-2.84));
#2493=CARTESIAN_POINT('',(0.,0.97,-2.84));
#2494=CARTESIAN_POINT('',(-2.5,0.97,-2.84));
#2495=CARTESIAN_POINT('',(-2.5,0.97,-2.84));
#2496=CARTESIAN_POINT('',(0.,0.97,-2.84));
#2497=CARTESIAN_POINT('Origin',(0.,0.97,-2.24));
#2498=CARTESIAN_POINT('',(0.,0.97,-2.24));
#2499=CARTESIAN_POINT('',(0.,0.97,-2.24));
#2500=CARTESIAN_POINT('',(-2.5,0.97,-2.24));
#2501=CARTESIAN_POINT('',(-2.5,0.97,-2.24));
#2502=CARTESIAN_POINT('',(0.,0.97,-2.24));
#2503=CARTESIAN_POINT('Origin',(0.,1.57,-2.24));
#2504=CARTESIAN_POINT('',(0.,1.57,-2.24));
#2505=CARTESIAN_POINT('',(-2.5,1.57,-2.24));
#2506=CARTESIAN_POINT('Origin',(0.,-0.97,0.3));
#2507=CARTESIAN_POINT('',(0.,-1.57,0.3));
#2508=CARTESIAN_POINT('',(0.,-0.97,0.3));
#2509=CARTESIAN_POINT('',(0.,-0.97,0.3));
#2510=CARTESIAN_POINT('',(-2.5,-1.57,0.3));
#2511=CARTESIAN_POINT('',(0.,-1.57,0.3));
#2512=CARTESIAN_POINT('',(-2.5,-0.97,0.3));
#2513=CARTESIAN_POINT('',(-2.5,-0.97,0.3));
#2514=CARTESIAN_POINT('',(0.,-0.97,0.3));
#2515=CARTESIAN_POINT('Origin',(0.,-0.97,-0.3));
#2516=CARTESIAN_POINT('',(0.,-0.97,-0.3));
#2517=CARTESIAN_POINT('',(0.,-0.97,-0.3));
#2518=CARTESIAN_POINT('',(-2.5,-0.97,-0.3));
#2519=CARTESIAN_POINT('',(-2.5,-0.97,-0.3));
#2520=CARTESIAN_POINT('',(0.,-0.97,-0.3));
#2521=CARTESIAN_POINT('Origin',(0.,-1.57,-0.3));
#2522=CARTESIAN_POINT('',(0.,-1.57,-0.3));
#2523=CARTESIAN_POINT('',(0.,-1.57,-0.3));
#2524=CARTESIAN_POINT('',(-2.5,-1.57,-0.3));
#2525=CARTESIAN_POINT('',(-2.5,-1.57,-0.3));
#2526=CARTESIAN_POINT('',(0.,-1.57,-0.3));
#2527=CARTESIAN_POINT('Origin',(0.,-1.57,0.3));
#2528=CARTESIAN_POINT('',(0.,-1.57,0.3));
#2529=CARTESIAN_POINT('',(-2.5,-1.57,0.3));
#2530=CARTESIAN_POINT('Origin',(0.,0.,0.));
#2531=CARTESIAN_POINT('',(0.,3.50000005215406,-2.25));
#2532=CARTESIAN_POINT('',(0.,4.5,-2.25));
#2533=CARTESIAN_POINT('',(0.,3.50000005215406,-2.25));
#2534=CARTESIAN_POINT('',(0.,4.5,2.25));
#2535=CARTESIAN_POINT('',(0.,4.5,-2.25));
#2536=CARTESIAN_POINT('',(0.,3.50000005215406,2.25));
#2537=CARTESIAN_POINT('',(0.,4.5,2.25));
#2538=CARTESIAN_POINT('',(0.,3.5,6.62));
#2539=CARTESIAN_POINT('',(0.,3.5,-6.62));
#2540=CARTESIAN_POINT('',(0.,-3.5,6.62));
#2541=CARTESIAN_POINT('',(0.,3.5,6.62));
#2542=CARTESIAN_POINT('',(0.,-3.5,-6.62));
#2543=CARTESIAN_POINT('',(0.,-3.5,6.62));
#2544=CARTESIAN_POINT('',(0.,3.5,-6.62));
#2545=CARTESIAN_POINT('',(0.,-3.5,-6.62));
#2546=CARTESIAN_POINT('',(0.,3.5,-6.62));
#2547=CARTESIAN_POINT('Origin',(-2.5,0.,0.));
#2548=CARTESIAN_POINT('',(-2.5,4.5,7.62));
#2549=CARTESIAN_POINT('',(-2.5,4.5,-7.62));
#2550=CARTESIAN_POINT('',(-2.5,4.5,-2.25));
#2551=CARTESIAN_POINT('',(-2.5,-4.5,-7.62));
#2552=CARTESIAN_POINT('',(-2.5,-4.5,-7.62));
#2553=CARTESIAN_POINT('',(-2.5,-4.5,7.62));
#2554=CARTESIAN_POINT('',(-2.5,-4.5,7.62));
#2555=CARTESIAN_POINT('',(-2.5,4.5,7.62));
#2556=CARTESIAN_POINT('Origin',(0.,3.50000005215406,2.25));
#2557=CARTESIAN_POINT('',(6.5,4.5,2.25));
#2558=CARTESIAN_POINT('',(0.,4.5,2.25));
#2559=CARTESIAN_POINT('',(6.5,3.50000005215406,2.25));
#2560=CARTESIAN_POINT('',(6.5,4.5,2.25));
#2561=CARTESIAN_POINT('',(0.,3.50000005215406,2.25));
#2562=CARTESIAN_POINT('Origin',(0.,3.5,6.62));
#2563=CARTESIAN_POINT('',(6.5,3.5,6.62));
#2564=CARTESIAN_POINT('',(6.5,3.5,-6.62));
#2565=CARTESIAN_POINT('',(0.,3.5,6.62));
#2566=CARTESIAN_POINT('Origin',(0.,-3.5,6.62));
#2567=CARTESIAN_POINT('',(6.5,-3.5,6.62));
#2568=CARTESIAN_POINT('',(6.5,3.5,6.62));
#2569=CARTESIAN_POINT('',(0.,-3.5,6.62));
#2570=CARTESIAN_POINT('Origin',(0.,-3.5,-6.62));
#2571=CARTESIAN_POINT('',(6.5,-3.5,-6.62));
#2572=CARTESIAN_POINT('',(6.5,-3.5,6.62));
#2573=CARTESIAN_POINT('',(0.,-3.5,-6.62));
#2574=CARTESIAN_POINT('Origin',(0.,3.5,-6.62));
#2575=CARTESIAN_POINT('',(6.5,3.5,-6.62));
#2576=CARTESIAN_POINT('',(6.5,-3.5,-6.62));
#2577=CARTESIAN_POINT('',(0.,3.5,-6.62));
#2578=CARTESIAN_POINT('Origin',(0.,3.5,-2.25));
#2579=CARTESIAN_POINT('',(6.5,3.50000005215406,-2.25));
#2580=CARTESIAN_POINT('',(6.5,3.5,-6.62));
#2581=CARTESIAN_POINT('',(0.,3.50000005215406,-2.25));
#2582=CARTESIAN_POINT('Origin',(0.,4.5,-2.25));
#2583=CARTESIAN_POINT('',(6.5,4.5,-2.25));
#2584=CARTESIAN_POINT('',(6.5,3.50000005215406,-2.25));
#2585=CARTESIAN_POINT('',(0.,4.5,-2.25));
#2586=CARTESIAN_POINT('Origin',(0.,4.5,-7.62));
#2587=CARTESIAN_POINT('',(6.5,4.5,-7.62));
#2588=CARTESIAN_POINT('',(6.5,4.5,-7.62));
#2589=CARTESIAN_POINT('',(0.,4.5,-7.62));
#2590=CARTESIAN_POINT('',(6.5,4.5,7.62));
#2591=CARTESIAN_POINT('',(0.,4.5,7.62));
#2592=CARTESIAN_POINT('',(6.5,4.5,-7.62));
#2593=CARTESIAN_POINT('Origin',(0.,-4.5,-7.62));
#2594=CARTESIAN_POINT('',(6.5,-4.5,-7.62));
#2595=CARTESIAN_POINT('',(6.5,-4.5,-7.62));
#2596=CARTESIAN_POINT('',(0.,-4.5,-7.62));
#2597=CARTESIAN_POINT('Origin',(0.,-4.5,7.62));
#2598=CARTESIAN_POINT('',(6.5,-4.5,7.62));
#2599=CARTESIAN_POINT('',(6.5,-4.5,7.62));
#2600=CARTESIAN_POINT('',(0.,-4.5,7.62));
#2601=CARTESIAN_POINT('Origin',(0.,4.5,7.62));
#2602=CARTESIAN_POINT('',(6.5,4.5,7.62));
#2603=CARTESIAN_POINT('Origin',(6.5,0.,0.));
#2604=CARTESIAN_POINT('',(0.,0.,0.));
#2605=CARTESIAN_POINT('',(0.,0.,0.));
#2606=CARTESIAN_POINT('Origin',(0.,0.,0.));
#2607=UNCERTAINTY_MEASURE_WITH_UNIT(LENGTH_MEASURE(0.01),#2615,
'DISTANCE_ACCURACY_VALUE',
'Maximum model space distance between geometric entities at asserted c
onnectivities');
#2608=UNCERTAINTY_MEASURE_WITH_UNIT(LENGTH_MEASURE(0.01),#2615,
'DISTANCE_ACCURACY_VALUE',
'Maximum model space distance between geometric entities at asserted c
onnectivities');
#2609=UNCERTAINTY_MEASURE_WITH_UNIT(LENGTH_MEASURE(0.01),#2615,
'DISTANCE_ACCURACY_VALUE',
'Maximum model space distance between geometric entities at asserted c
onnectivities');
#2610=UNCERTAINTY_MEASURE_WITH_UNIT(LENGTH_MEASURE(0.01),#2615,
'DISTANCE_ACCURACY_VALUE',
'Maximum model space distance between geometric entities at asserted c
onnectivities');
#2611=(
GEOMETRIC_REPRESENTATION_CONTEXT(3)
GLOBAL_UNCERTAINTY_ASSIGNED_CONTEXT((#2607))
GLOBAL_UNIT_ASSIGNED_CONTEXT((#2615,#2617,#2618))
REPRESENTATION_CONTEXT('','3D')
);
#2612=(
GEOMETRIC_REPRESENTATION_CONTEXT(3)
GLOBAL_UNCERTAINTY_ASSIGNED_CONTEXT((#2608))
GLOBAL_UNIT_ASSIGNED_CONTEXT((#2615,#2617,#2618))
REPRESENTATION_CONTEXT('','3D')
);
#2613=(
GEOMETRIC_REPRESENTATION_CONTEXT(3)
GLOBAL_UNCERTAINTY_ASSIGNED_CONTEXT((#2609))
GLOBAL_UNIT_ASSIGNED_CONTEXT((#2615,#2617,#2618))
REPRESENTATION_CONTEXT('','3D')
);
#2614=(
GEOMETRIC_REPRESENTATION_CONTEXT(3)
GLOBAL_UNCERTAINTY_ASSIGNED_CONTEXT((#2610))
GLOBAL_UNIT_ASSIGNED_CONTEXT((#2615,#2617,#2618))
REPRESENTATION_CONTEXT('','3D')
);
#2615=(
LENGTH_UNIT()
NAMED_UNIT(*)
SI_UNIT(.MILLI.,.METRE.)
);
#2616=(
LENGTH_UNIT()
NAMED_UNIT(*)
SI_UNIT($,.METRE.)
);
#2617=(
NAMED_UNIT(*)
PLANE_ANGLE_UNIT()
SI_UNIT($,.RADIAN.)
);
#2618=(
NAMED_UNIT(*)
SI_UNIT($,.STERADIAN.)
SOLID_ANGLE_UNIT()
);
#2619=SHAPE_DEFINITION_REPRESENTATION(#2622,#2627);
#2620=SHAPE_DEFINITION_REPRESENTATION(#2623,#2628);
#2621=SHAPE_DEFINITION_REPRESENTATION(#2624,#2629);
#2622=PRODUCT_DEFINITION_SHAPE('',$,#2631);
#2623=PRODUCT_DEFINITION_SHAPE('',$,#2632);
#2624=PRODUCT_DEFINITION_SHAPE('',$,#2633);
#2625=PRODUCT_DEFINITION_SHAPE($,$,#20);
#2626=PRODUCT_DEFINITION_SHAPE($,$,#21);
#2627=SHAPE_REPRESENTATION('',(#1663,#1752,#1753),#2611);
#2628=SHAPE_REPRESENTATION('',(#1664),#2612);
#2629=SHAPE_REPRESENTATION('',(#1713),#2613);
#2630=PRODUCT_DEFINITION_CONTEXT('part definition',#2641,'design');
#2631=PRODUCT_DEFINITION('WSL 6W IDC Bh Connector 6-Pin',
'WSL 6W IDC Bh Connector 6-Pin v3',#2634,#2630);
#2632=PRODUCT_DEFINITION('Pins','Pins',#2635,#2630);
#2633=PRODUCT_DEFINITION('Case','Case',#2636,#2630);
#2634=PRODUCT_DEFINITION_FORMATION('',$,#2643);
#2635=PRODUCT_DEFINITION_FORMATION('',$,#2644);
#2636=PRODUCT_DEFINITION_FORMATION('',$,#2645);
#2637=PRODUCT_RELATED_PRODUCT_CATEGORY(
'WSL 6W IDC Bh Connector 6-Pin v3','WSL 6W IDC Bh Connector 6-Pin v3',(#2643));
#2638=PRODUCT_RELATED_PRODUCT_CATEGORY('Pins','Pins',(#2644));
#2639=PRODUCT_RELATED_PRODUCT_CATEGORY('Case','Case',(#2645));
#2640=APPLICATION_PROTOCOL_DEFINITION('international standard',
'automotive_design',2009,#2641);
#2641=APPLICATION_CONTEXT(
'Core Data for Automotive Mechanical Design Process');
#2642=PRODUCT_CONTEXT('part definition',#2641,'mechanical');
#2643=PRODUCT('WSL 6W IDC Bh Connector 6-Pin',
'WSL 6W IDC Bh Connector 6-Pin v3',$,(#2642));
#2644=PRODUCT('Pins','Pins',$,(#2642));
#2645=PRODUCT('Case','Case',$,(#2642));
#2646=PRESENTATION_STYLE_ASSIGNMENT((#2649));
#2647=PRESENTATION_STYLE_ASSIGNMENT((#2650));
#2648=PRESENTATION_STYLE_ASSIGNMENT((NULL_STYLE(.NULL.)));
#2649=SURFACE_STYLE_USAGE(.BOTH.,#2651);
#2650=SURFACE_STYLE_USAGE(.BOTH.,#2652);
#2651=SURFACE_SIDE_STYLE('',(#2653));
#2652=SURFACE_SIDE_STYLE('',(#2654));
#2653=SURFACE_STYLE_FILL_AREA(#2655);
#2654=SURFACE_STYLE_FILL_AREA(#2656);
#2655=FILL_AREA_STYLE('Messing - matt',(#2657));
#2656=FILL_AREA_STYLE('Kunststoff - gl\X\E4nzend (Schwarz)',(#2658));
#2657=FILL_AREA_STYLE_COLOUR('Messing - matt',#2659);
#2658=FILL_AREA_STYLE_COLOUR('Kunststoff - gl\X\E4nzend (Schwarz)',#2660);
#2659=COLOUR_RGB('Messing - matt',0.952941176470588,0.796078431372549,0.486274509803922);
#2660=COLOUR_RGB('Kunststoff - gl\X\E4nzend (Schwarz)',0.0980392156862745,
0.0980392156862745,0.0980392156862745);
ENDSEC;
END-ISO-10303-21;
